timestamp,acc_x,acc_y,acc_z,gyro_x,gyro_y,gyro_z
0.0,0.0152358539877215,0.1583362425645153,9.81125583635192,0.0051637181104572,-0.0154893781899303,0.1464259925401302
0.02,-0.0295721292170866,0.1671904452200962,9.931895308457293,0.0113735868794645,0.0904349619769372,0.1455205953943241
0.04,0.0812341364554161,0.2612669778679508,10.10547164129427,0.1361738164427914,0.0952198892224477,0.1274361710727179
0.06,0.1097973719486307,0.1074214985889616,10.206951475645008,0.1310105299702053,0.1260659466286257,0.0998517653199832
0.08,-0.0189229162190299,0.1839821334736546,10.122481932576475,0.2952300520862682,0.203441235699834,0.0824272766668554
0.1,0.025373729903486,0.1765119125940477,10.370158341701035,0.4078396512332144,0.1162136201894097,0.0564559516342487
0.12,0.1041188325151836,0.0931708834589847,10.336186903665713,0.3173774897537245,0.0102495303483108,0.0415805637632871
0.14,0.0841799748032025,0.2273141184832413,10.328866189449856,0.2682289939880676,0.0432410455270356,0.0225115251948748
0.16,0.0963231154162529,0.1343408534813898,10.373555369230129,0.1648066033496692,-0.1235057057706521,-0.0938710079887415
0.18,0.0467319460364473,0.1508722166603995,10.35685340994226,0.183929221518262,-0.1028228167809074,-0.0843506789062151
0.2,0.1210212230207203,0.1921069259087066,10.180271215151134,0.3088970643840936,-0.1950339105902664,-0.1151884801989711
0.22,0.0996826265409079,0.0129077661252804,10.19998699946964,0.1309194971448279,-0.1783383846638896,-0.024041789482083
0.24,0.0447390929773892,-0.0355935013787891,10.086792290972552,0.1057709302136596,-0.1614252634520634,-0.0083055918893189
0.26,0.0763330583998423,-0.0529678994954916,9.92217479812362,0.092679292883281,-0.2110328455947253,-0.2064379012590334
0.28,0.0208624575682685,-0.0509032052350227,9.741540761222646,0.0665754613350883,-0.0467904609167312,-0.0217276883347469
0.3,-0.0678336118606473,-0.1648575336657907,9.601817167491625,-0.0845863122076482,0.0900652618344067,-0.0925222474362866
0.32,-0.0275204468580238,-0.1973709932173833,9.57554869020612,-0.158107301669748,0.181504307008072,-0.0381776539234193
0.34,-0.1126497261983943,-0.1338164244753229,9.336205288733538,-0.1905357370452991,0.1078534877221675,-0.0509208933718999
0.36,-0.036234183421724,-0.1790864591373409,9.372283332118434,-0.2718519862932237,0.1890242724104521,0.0122292543742441
0.38,-0.0940204128114044,-0.3015090787433082,9.242595338470927,-0.303263311950923,0.0913894191109332,-0.0298035219034914
0.4,-0.1074718432501319,-0.251644299908727,9.205835924580644,-0.2740921693419129,0.0853559187914183,-0.0869108543992183
0.42,-0.133975424484256,-0.0967160826773163,9.115021931144982,-0.2905222659004525,-0.0160354003905775,-0.0015147259216671
0.44,-0.0354110969496258,-0.1243331882792324,9.213435185193608,-0.1830342263220529,-0.0635495602056735,0.05186695293433
0.46,-0.0959555967469354,-0.1478329782772032,9.3013045399396,-0.2427449270987144,-0.1127780333297867,0.0362723381398153
0.48,-0.0968415291817657,-0.0779472587465556,9.28062866716574,-0.1687181368161397,-0.1751427901756287,0.0985451616829291
0.5,-0.0763852027536588,-0.0249315022159255,9.47226064198711,-0.2298998345238985,-0.147191623810502,0.0776168300054725
0.52,-0.0125219074060528,0.0563306567869485,9.56962641258163,-0.0911542355496471,-0.1615789287737733,0.0622477187808435
0.54,0.0007698973206763,-0.0042275493655913,9.66279838392322,-0.0886559850226357,0.0722272859284539,0.0441575142873435
0.56,0.0256610623977763,0.062535251229157,9.872880245232428,0.0348459586187588,-0.040868611854501,0.0802829265339345
0.58,0.0488362437021266,0.1537994864324766,9.853658322861468,0.1163113105609394,0.0786471370967928,0.1064313496436249
0.6,0.1552577474536945,0.1635887560913821,10.106386241898216,0.1470195444305881,0.2139335142377476,-0.0103389222084111
0.62,0.0462804359241943,0.2170136863887087,10.280578878364215,0.320169846304015,0.2363583273470513,0.035590294006667
0.64,0.0560217886181415,0.1371862692194921,10.361800707385344,0.3163007636705777,0.2129675581356904,-0.0420773318964931
0.66,0.0518190842710519,0.2166379183218321,10.3745366601276,0.3363854286917922,0.1742959268594252,0.0071241668532781
0.68,0.1294675655495616,0.2433533388128295,10.37692752771818,0.3342200928808611,-0.0399891357688601,0.0761294532338495
0.7000000000000001,0.1562512874788717,0.1934904222623782,10.367025909229582,0.3875760594149837,0.0543982880140307,-0.0655848710393731
0.72,0.0901548060189938,0.1478628857503539,10.359966783715144,0.215708071831752,-0.1194734172901844,0.0066560610460689
0.74,0.0450105516188261,0.1006922233979933,10.349300615197611,0.3295692823003865,-0.1092106221251877,0.0931685222107868
0.76,0.0325272509512554,0.022948813499111,10.202145680141934,0.171691719607476,-0.3009030507770323,0.005143625750765
0.78,0.0892565343039107,0.0170006260738888,10.178232560378577,0.1419637287846905,-0.1740373633172628,-0.0756775907432821
0.8,0.0739751638286399,0.0384455117462741,10.127532757510972,0.1385069880084868,-0.1650845351429801,-0.050055925799001
0.8200000000000001,0.0421802723273354,-0.0743813329001812,9.887041191716088,0.1067286850117632,-0.0308023087363417,-0.167349314595631
0.84,-0.0408081659172278,-0.1533239862285483,9.687584176519076,-0.0802768732424774,0.0458986404475931,-0.1783866226965891
0.86,-0.0180960920043673,-0.1683053465997809,9.55453781373796,-0.1147397183569966,0.1317561797003097,-0.0940515490206946
0.88,-0.0445280297065397,-0.1611890629600838,9.536654356604124,-0.1462103568656628,0.1210896665223306,-0.0664618135458629
0.9,-0.0575202807564182,-0.2087222558155655,9.386284427494765,-0.2146824320133924,0.1967568896447238,-0.018176648529679
0.92,-0.0394881510221718,-0.1749142097433021,9.345484005285716,-0.2064771666969845,0.1760070889704244,-0.0841256687188845
0.94,-0.0822531168069271,-0.1720225607398349,9.212720922068064,-0.1085023019377577,0.1579678755722216,-0.0259714136532426
0.96,-0.0651004644160703,-0.1426052129282417,9.247254321959002,-0.2761723922827013,0.1040552368751386,-0.0058234512408151
0.98,-0.0962344074398726,-0.0952363018814693,9.194404875841611,-0.3355999046510676,-0.0274808156946242,0.0022154143762509
1.0,-0.0806496816950161,-0.0875030588027365,9.192740887456711,-0.3501423714204959,-0.1813656648779244,0.0272779556307946
1.02,-0.0541882543274382,-0.1478949510612413,9.26543408234369,-0.273520692537376,-0.1710793048086522,0.0087087282461725
1.04,-0.144888693481574,-0.1050918282628127,9.307961867296097,-0.2631052017678116,-0.0693040831076547,0.0833507010005286
1.06,-0.0706229954912919,-0.0193833376062212,9.57163136988852,-0.1405408144215095,-0.1007479681747942,0.093505303013968
1.08,-0.0579829250320914,0.0069613053089953,9.588395155417366,-0.0807917951631437,-0.2781311704517738,0.0718727974675856
1.1,-0.0444772157685975,0.0162146366186478,9.757025764295529,-0.060758380295539,-0.0465708197482286,0.1325001834326261
1.12,-0.0037209410762126,0.0909315338985302,9.83337357226719,0.1293562651445537,0.0865479723656487,0.1508866811197448
1.14,0.1068414265424407,0.1234178793790857,9.939969774785336,0.0595107169801682,0.1124697089105222,0.1285786452982475
1.16,0.0092259072114673,0.140182130008917,10.10341075243088,0.1515808355934797,0.1557637388230583,0.032977282176433
1.18,0.1186789147094588,0.1757628728703367,10.27664960854827,0.2427531242341453,0.1866359980865888,0.0761358560640281
1.2,0.0002893039694112,0.2584938452597188,10.280560165731297,0.2979011223390958,0.2085748847649366,0.0080111013547271
1.22,0.0775548020899976,0.2073847500060968,10.32226772289925,0.3467759868450192,0.0681147735393899,0.0381096917672904
1.24,0.1074987843072511,0.3088068923052319,10.40393999853046,0.3195082171056644,0.104288584770345,-0.0340911963636474
1.26,0.1286722476199647,0.172099354562284,10.421117916347892,0.3506290281954023,-0.0476538017747795,0.0525725283803911
1.28,0.1298603825789292,0.1190946834903968,10.44793672997838,0.2496417521664624,-0.1722894859637174,0.0058846189986934
1.3,0.1241001543101978,0.0970223269639979,10.324284279219832,0.2992024756681236,-0.1247479024232691,0.0040667857692198
1.32,0.052828743367463,0.0679255959873968,10.253789615805871,0.2560314484474748,-0.2772407540963453,-0.0185674632111537
1.34,0.0293998733629012,0.0323418197420806,10.151068539822797,0.2331967227260654,-0.2065287896803319,-0.0986294337581524
1.36,0.0749931550435786,0.0693538463596955,9.934915396787694,0.0128612833307356,-0.1501698128031792,-0.1159903176758457
1.38,0.0004709552410407,-0.1200518705221226,9.812050425387254,-0.0152506413246889,0.0672551008089252,-0.0124089102631223
1.4,-0.0763176395233265,-0.0741747741383552,9.670605245381134,0.0035570783990736,0.0154869390009989,-0.1074674526400685
1.42,-0.0911286530176256,-0.1401135910730115,9.526606958310708,-0.2359611009464246,0.0216629312888832,-0.1616024178889874
1.44,-0.1006120489735074,-0.2547625835890913,9.51193638570296,-0.1393179953308629,0.1539574787602263,-0.0333794673209229
1.46,-0.0471728652861024,-0.1544022107268169,9.382317089650446,-0.1631024862198035,0.2226354118983567,-0.0621765471680945
1.48,-0.0786313788158369,-0.1364560000386455,9.28945880943838,-0.2860767592356175,0.215662472616171,0.0238532528207984
1.5,-0.0605813839261269,-0.2394150707966505,9.099730264452797,-0.3068264548941416,0.2313840351306334,-0.0187532155384523
1.52,-0.1209759932311439,-0.183708211778665,9.30509367744503,-0.3525469501049469,0.1053494903443494,-0.00978519402241
1.54,-0.0911191580158294,-0.2468980113184944,9.161009544374332,-0.3232157836955656,-0.0451942574077072,0.0900850695071982
1.56,-0.0621533745472943,-0.1927558889946888,9.34199327232298,-0.3049271078350715,-0.1777731468655891,-0.0412821293805243
1.58,-0.0985269169055932,-0.0399857380674377,9.229180386449949,-0.2833208334820198,-0.1038140697995236,0.0264194464186684
1.6,-0.0456159487149982,-0.0735729105260641,9.34865167851496,-0.2422480406678314,-0.2180335232019659,0.0285287141493807
1.62,-0.0834586172169086,-0.0609969467305987,9.387683609893063,-0.1646371997351478,-0.2069446127446353,-0.0233616472093806
1.64,-0.047856850485957,0.0508946055250963,9.639881299850916,-0.1032676902559164,-0.1343074799330547,0.1391452758754944
1.66,-0.0266195752527096,0.0562709687998886,9.69974107564268,0.0711085533346731,-0.0926595297689917,0.0718449693269144
1.68,-0.0447694233673765,0.0976229676262315,9.836485345767535,0.0253584195803757,0.036157311756857,0.1441335765561202
1.7,0.0611610793077466,0.1907299573973978,9.952249020752086,0.1276448766149955,0.1252540046868161,0.1124319731505554
1.72,0.0332567779025392,0.1204429114196115,10.179229122612949,0.1413365364142111,0.2233986187819279,0.1127103830942271
1.74,0.0743760176722015,0.1489318286117987,10.27808105299328,0.1917741464153788,0.1798223050735836,0.0447633067700702
1.76,0.111055708412248,0.207680831576458,10.412711947355657,0.1758365995142267,0.1081323691468044,0.0110603269555766
1.78,0.1181787377032348,0.2440359936685808,10.340827742356778,0.2089882243146582,0.0290902615840184,0.0329899700079835
1.8,0.1330719282914665,0.2430988614372381,10.409757005609304,0.2390581045458314,0.0355451340890161,0.0522374611183396
1.82,0.0937443201953156,0.1243321076176275,10.327544806654624,0.3051906250003638,-0.0605574292879812,-0.0187828167936756
1.84,0.071342805081238,0.1728200138857856,10.33829437296391,0.3313318448145665,-0.1682456295204287,-0.0730747256837948
1.86,0.0776480145263983,0.0486932826454287,10.263861284766252,0.1555685488703789,-0.2119709302031767,-0.1177081749121448
1.88,-0.0177655349544764,0.136681900437403,10.222829618335322,0.1723497201628342,-0.1792979154640431,-0.0643859637762269
1.9,-0.024180256210983,-0.0561575869798282,10.139903294781938,0.0761815667629966,-0.0993382724159352,-0.1153340447508133
1.92,-0.0388397870659874,0.0220873853879715,10.013324495851972,0.0686717259485204,-0.144042155199459,-0.0997897965280955
1.94,-0.044837909562097,-0.119769598516161,9.788005977296985,0.0688617701392887,-0.0156272011594718,-0.1118126347730347
1.96,0.0024864054386443,-0.0244621714317828,9.744909559845986,-0.0748510377729812,0.1168421048351691,-0.1206779821871478
1.98,-0.0844113194517232,-0.1273630344100845,9.562971543042291,-0.1197879486611452,0.1052560904677186,-0.0773330066986114
2.0,-0.0776866529312167,-0.2315395256336851,9.431099003829669,-0.103574155868126,0.1894296975308653,-0.0531764952302894
2.02,-0.010463723184307,-0.2214522916986152,9.312023597217392,-0.2033803676954355,0.196192504984947,0.0326053716572434
2.04,-0.1060423211965666,-0.1609311159447461,9.242628474420952,-0.302691960721326,0.1005544180869867,-0.0091720074823077
2.06,-0.059662385459973,-0.1418190134097412,9.307886709009848,-0.2816687273581958,0.1091495800654334,0.0535999658447172
2.08,-0.1466098312645528,-0.1825415099055495,9.215796854740349,-0.3411642923622913,0.0166425950358082,-0.0446990368370803
2.1,-0.1085006029662503,-0.1522076408192484,9.219358241937847,-0.2736620745818066,-0.0458706980571326,-0.0613091070777787
2.12,-0.1390252200076208,-0.084089559981215,9.237742953500602,-0.2488053440826373,-0.2068469472046704,0.0395691307853583
2.14,-0.0971083522821157,-0.0767681365641065,9.441358739649376,-0.3088280804861856,-0.1912058385404139,0.1026918605132068
2.16,-0.0226901892840746,-0.1051373663557481,9.477016947500656,-0.1853593176015446,-0.1282504856587831,0.1113023370091162
2.18,-0.1323240072217662,-0.0361534964622025,9.488198977887167,-0.1437526210862422,-0.0593928585478223,0.1493827234976832
2.2,-0.0031478065391925,0.0609795162401222,9.637105314965856,-0.0473730962908507,-0.0323442713717624,-0.0299689518363972
2.22,0.0093737705722802,0.1522182002931924,9.774209715565451,0.0340283239179556,-0.0689024389184658,0.1626172636725404
2.24,-0.0097364997333989,0.2098050277237578,9.927119587222776,0.0837854743605525,0.100827367469622,0.1147586365599067
2.26,-0.0308653346200942,0.1989718368656632,10.0135640489644,0.1091530066289978,0.1266929473991653,0.0138099298122488
2.28,0.0643995051551541,0.1971981985758009,10.186699004784847,0.2290455903515818,0.2072713574231509,0.1155754822012237
2.3000000000000003,0.0505766888243888,0.2337979593331521,10.33491235226744,0.1875008340172244,0.1578466148568915,0.072216527816517
2.32,0.1010179529828614,0.1665396598507479,10.270623449040553,0.2021263275769038,0.0746397248815608,0.0638997865379059
2.34,0.0982557805676394,0.1855525968696283,10.3265717028942,0.131725185646362,0.0746901101893067,0.0736053572181407
2.36,0.1800810489864274,0.1355010143529623,10.375794698757426,0.296469265674287,0.041156153919169,0.0227703724098712
2.38,0.0857590309831681,0.0887612375991089,10.364521096135526,0.2521031150957864,-0.0684751284249655,-0.0948419659156895
2.4,0.0393078306155087,0.1346636458989591,10.442819525216908,0.2913358395435735,-0.1339552555594397,-0.0497292426456525
2.42,0.0875926249614778,0.0880387331035575,10.321858520282715,0.1373251599387676,-0.1835088304339657,-0.1426682198515779
2.44,0.0737689703276584,0.0699098811666731,10.223830934380334,0.1559484808422355,-0.1752272509713532,-0.0453931361287576
2.46,0.1116709554271152,0.0177870569815314,10.049051175314892,0.1546482252885045,-0.130782098472989,-0.020042013077435
2.48,0.0641826383906671,-0.0419471788175892,9.920246786230289,0.0157894209673656,-0.1011572247779179,-0.1595252854062739
2.5,0.0178435529574755,-0.0680542744369627,9.72741472931173,0.0204628374306434,0.0041445280709803,-0.1335731880266205
2.52,0.05073806846604,-0.1349399907755808,9.704524554832764,-0.0951323580382161,0.1745860720736707,-0.1415711533347661
2.54,-0.1031497293812357,-0.1423160345380511,9.56228327024988,-0.1327751454842795,0.1643592378773805,-0.1126357887535539
2.56,-0.0947567127665573,-0.2211203603602751,9.487685051459492,-0.1585495080663672,0.1975817995363345,-0.0572250722467589
2.58,-0.1249576402839381,-0.1787648426074108,9.31768545505022,-0.1882466784852199,0.1994705719442548,-0.0839394174140914
2.6,-0.1099731954043903,-0.1662170975268885,9.25001481121037,-0.2668234951737754,0.143207222639347,-0.009951420521556
2.62,-0.1665611197346347,-0.225339088683025,9.222141402287118,-0.3338809518143952,0.0611073180126168,0.0320682775115932
2.64,-0.0682345570796613,-0.1717061532946143,9.244642252253064,-0.3228782563801273,0.0054079071296041,0.056344567054799
2.66,-0.108274308146406,-0.1790408067530257,9.143510179146322,-0.2596417517200542,-0.1172017322222551,-0.0322591550661099
2.68,-0.1629244571402592,-0.1402159912368771,9.30049795219616,-0.3192151064195094,-0.1675891434480361,0.1141347688326393
2.7,-0.127830278337956,-0.1303647969473337,9.336667276225883,-0.240057302664747,-0.2359831854720521,0.1370460132186809
2.72,-0.0451173373969507,0.0327187955416669,9.382309957985552,-0.2016732942264552,-0.1876757375399388,0.157033036426642
2.74,0.0004687702953906,0.0678201109819339,9.447144363771327,-0.1294807634639333,-0.1216405289384192,0.0831198560826148
2.76,0.0798655465331487,0.0857728006930584,9.673350326097438,-0.1103771206167907,-0.088870476362986,0.0603933815729108
2.78,0.1482061328447003,0.1988753704813839,9.887463706429706,-0.0850581889776041,-0.0903700582085115,0.0507563593543257
2.8000000000000003,0.0455894603802853,0.1270595975718643,10.032948165635984,0.1006440969474388,0.1258693120231169,0.0417693217841221
2.82,-0.0035189199394446,0.3174110341163081,10.093516726906396,0.1860805293608781,0.1692770422814242,0.089398165214598
2.84,-0.0418967178796212,0.1752994172192299,10.286333860133778,0.1045080405959248,0.1476756163409004,0.1186368439256662
2.86,0.0935422716042793,0.2107780929170434,10.278793136774688,0.2589164035075734,0.2303678699196391,0.1251184203551192
2.88,0.0508770624965753,0.1793837698960568,10.39680988115469,0.3287314975285338,0.077581363435843,0.0160127877532488
2.9,0.0774608620638845,0.208990987938287,10.366810805991893,0.3244817275567226,0.1258952913031597,0.0168037181045582
2.92,0.0693241073110685,0.2135586222629891,10.373843741620146,0.2789533328583735,-0.0179336920879464,-0.0089783959370655
2.94,0.0894986195625081,0.1387337827805191,10.345353527455934,0.2424396731624443,-0.2141678940960181,-0.0578481631222464
2.96,0.1415281341828776,0.1985591740812222,10.226348288504758,0.2687362718979856,-0.1572027004760003,-0.0102829167285021
2.98,0.0832775664458777,0.0813842401164797,10.316905441439008,0.2386646671631754,-0.218401903543877,-0.0475161632441342
3.0,0.050846783377313,0.0391176051615192,10.120589529418586,0.1811259512455372,-0.2180537678501877,-0.0738105406815143
3.02,-0.0126453209575702,-0.064993873498626,9.994752261114565,0.1084053685452827,-0.1809480930503926,-0.0741079127767907
3.04,-0.0662318413376901,-0.0427606666498286,9.846015251304534,-0.0016256685135547,-0.0752893741778974,-0.0676838710550463
3.06,-0.0293398272716434,-0.111284069203148,9.759635437265326,0.0060611191115119,-0.0041870910881144,-0.0696018447040823
3.08,-0.0299843210926484,-0.1705636851561715,9.724403454217592,-0.0583428559345211,0.0122004138328396,-0.1381272649647014
3.1,0.0402211282688226,-0.2074042055235727,9.615636738080108,-0.1344849959574308,0.2324689794342631,-0.042814240567239
3.12,-0.0600874606697808,-0.054832558269039,9.317349535749344,-0.1942538779767125,0.1865043793059114,-0.0618258086583902
3.14,-0.0324969495205655,-0.2118355015964237,9.292474049770878,-0.1609393008278498,0.1520013563846597,-0.07948808009124
3.16,-0.1174725006104034,-0.2716307555473295,9.193235787394642,-0.3087421012790072,0.0841088098325033,-0.0262664249798716
3.18,-0.157915782741638,-0.2236852308305846,9.257405320535854,-0.2319340283895276,0.102725325334088,0.0009601573167642
3.2,-0.1480585109544457,-0.1717278868787249,9.215513640307734,-0.3361092419895733,-0.0899882451676871,0.0603682353111375
3.22,-0.1321134821285252,-0.1135739471314499,9.193058460220582,-0.2321090080573913,-0.1025795042539555,-0.0238058551772613
3.24,0.0194051111548056,-0.0777465774400261,9.281518401227835,-0.1993867488968304,-0.2006877813324095,0.1155219518375388
3.26,-0.1148206456970366,-0.0308606435488597,9.333621198514711,-0.2359064953775462,-0.2254977048567511,0.0686915986275938
3.28,-0.0148024347258583,-0.0528435710277446,9.540350935242692,-0.0871325320349851,-0.2420437650401173,0.0570455972254128
3.3000000000000003,-0.081958814172819,0.0415618030728235,9.606473244139996,-0.0869855714680987,-0.1679253928118205,0.0661397435959684
3.3200000000000003,0.0315560917316365,0.0246269343646462,9.74335581757337,-0.0889312987932552,-0.0589676967400637,0.0487967865566624
3.34,0.0267802288580858,0.0778516376104265,9.711850209415111,0.0038902119389175,0.0418107291415986,0.0126701458382242
3.36,0.0218722632747983,0.0978075434364979,9.974885515004775,0.1457505897784413,0.0741741657612004,0.1293564484926246
3.38,0.0483241938568038,0.1118121350939662,10.206334468934404,0.1972401955845591,0.1694900308120333,0.185436661740382
3.4,0.0357153258213989,0.2432570303994232,10.277034717059044,0.1524621117096408,0.2440280672341752,-0.0079839046996492
3.42,0.1053631999936849,0.2336099589454035,10.206003060221471,0.2422159041492179,0.1018840135194388,0.0081661658523013
3.44,0.070683720228622,0.2469980172761931,10.344926073839789,0.2904748318758086,0.132888924807259,0.0732203473285922
3.46,0.0377658543813026,0.1890200252496893,10.334200882122056,0.2717581982552147,0.0070511898333584,0.0114971836348931
3.48,0.0357164821983363,0.2052546604379788,10.48323524350405,0.4167300689116878,-0.0876388204008797,0.0329358424586836
3.5,0.1037350475156215,0.049231524789228,10.38284782389089,0.2970001420588128,-0.1045064748085879,-0.035987725594936
3.52,0.1647072284398869,0.1443373737561106,10.27612621572962,0.2541673873129429,-0.203720818720369,-0.0804753283414697
3.54,0.0800304831674624,0.0687710974342502,10.233893312109783,0.275635259679276,-0.2606980508398729,-0.0806574361149372
3.56,0.0487075183679325,0.0469502437906878,9.997468331587136,0.1456576272783383,-0.1168340749206837,-0.2028572751170124
3.58,0.0487555992975786,-0.0105189082185358,9.952537688731882,0.1537642574832205,-0.0834067165972966,-0.1510476030478107
3.6,0.0778334104417714,-0.1224837306935398,9.877022126429898,-0.0457866497098587,-0.1463532752509284,-0.0517975014205127
3.62,0.000932953583071,-0.1879181123767327,9.782066739511937,-0.0527912167676436,-0.0337794102972208,-0.0399001094891877
3.64,-0.052640722522408,-0.1827462343691861,9.510368128085808,-0.0438295620233013,0.1512589131048561,-0.0244015277448585
3.66,0.0027969725068646,-0.1455286529333321,9.4658374566381,-0.0790425029589059,0.1645245931783798,-0.0630559808570674
3.68,-0.0488271750568044,-0.1570477764193174,9.428894305046631,-0.2494597765899551,0.2750129410585111,-0.1839570114352418
3.7,-0.007644992950402,-0.2679684166128955,9.220830578480127,-0.2977894594615374,0.2117822304202538,-0.0853330059572564
3.72,-0.0851373317281912,-0.2464778163170453,9.24566482020349,-0.2545248392493368,0.1405115484508389,0.0329508293751332
3.74,-0.1605845826380259,-0.2213782227995,9.207131938843297,-0.3292350879018882,-0.006238982401397,0.0698670734468298
3.76,-0.167769091014284,-0.1814391982746418,9.289552229705826,-0.311512289043772,-0.0202821374466541,0.0794180256377107
3.78,-0.0117526569777238,-0.2017005137298914,9.2226988688087,-0.239076909531001,-0.1893264699956646,0.021469331213809
3.8,0.0017504934889635,-0.1679182711382605,9.284823214780038,-0.2805034867313045,-0.1157031838227011,-0.0117461138308282
3.82,-0.0792409576440146,-0.0961927618855967,9.421158005778928,-0.3090662785164381,-0.1788772793898511,0.0691219882230047
3.84,-0.0716768290529292,-0.0062664300722778,9.418577788620754,-0.2226066107686835,-0.2200098136681329,0.0858397990909821
3.86,0.0409778536313889,-0.0245479970544194,9.59638967378813,-0.0957853036561495,-0.0813521881323062,0.172988071504047
3.88,-0.0653884555872961,0.071995671774655,9.716996720547243,-0.1232796718790094,0.0721342483539343,0.1108846667042405
3.9,-0.0322030275913611,0.170054717854332,9.868254349503328,0.0227419492044245,0.0388571224424974,0.1000455290754863
3.92,0.0666306320519037,0.085412134083042,10.049206076352853,0.0337880511401548,0.1569318517984528,0.0975481431725604
3.94,0.0349091785304472,0.1658854085400333,10.15554468229467,0.24591525436356,0.1614567685396331,0.1037457454923486
3.96,0.0717748091527869,0.2441749865190936,10.19475129950631,0.3243498372046552,0.2041255054090351,0.100687334884359
3.98,0.0775805206931395,0.1789237585606503,10.321350953882552,0.2043481417409919,0.1010965172854186,0.015217081677251
4.0,0.1119843790694619,0.1678727660648581,10.44515599048212,0.2981548888904418,0.1175305747832019,-0.0219793202937835
4.0200000000000005,0.1699874539800031,0.2414363090993897,10.35611188054604,0.2508198961431093,0.0371834782865836,0.0773130457253087
4.04,0.1035753879147524,0.1453201942695319,10.401535194437844,0.2816726476062698,0.0353595017387729,-0.0958310937902478
4.0600000000000005,0.1256298339095039,0.1850403172707495,10.350939331627034,0.3704721491347733,-0.2229525291220195,0.046246185088913
4.08,-0.0194490151319697,0.1138354865046605,10.295207288725653,0.2258443423724197,-0.1990596143222804,-0.1512214965115036
4.1,0.0660187904963635,0.0331098525802021,10.129195382444747,0.1910622586667527,-0.1351994847941027,-0.1021239193836916
4.12,0.0082008066489326,0.0295413245135735,10.172712063697068,0.1039604971293436,-0.1861253257238431,-0.0377996431901111
4.14,-0.0312364948634771,-0.0233991116098713,9.939507353901815,0.1464219433563559,-0.1220208664746037,-0.0954693600207503
4.16,-0.0363749377936442,-0.0313474493213158,9.896499681824436,-0.1405652934678213,-0.0717080690682604,-0.1655397302141534
4.18,-0.0317287309471155,-0.1485813274082585,9.678795816125175,-0.0672075428128059,0.0127780473022661,-0.0775437667674917
4.2,0.0089826718493328,-0.151703352774572,9.547850035794406,-0.1127316705121762,0.04561673289408,-0.0896274314988011
4.22,-0.1230465307996532,-0.1816053633465603,9.520294793047224,-0.2032345512305708,0.1554050261091136,-0.093155674184942
4.24,-0.0722197371060965,-0.1589926821639012,9.407186359758994,-0.1780766598208937,0.1497589690730283,-0.0987293953512478
4.26,-0.1112268471336311,-0.2512357916912233,9.288323042146487,-0.2009537622023329,0.1774072729215856,-0.0510030341313597
4.28,-0.1122358336198356,-0.1447166517192778,9.262944454079893,-0.3581585123491885,0.0698954592256672,-0.0575980068446153
4.3,-0.0496647815775969,-0.1578744077542254,9.186756323930217,-0.194733685839941,0.0010870974604382,0.1154475814895259
4.32,-0.0717628225705905,-0.2234314473173561,9.207570052089334,-0.3671687244800362,-0.086798991614325,0.0042628589286497
4.34,-0.0256378153113088,-0.0655380242657794,9.211872456276131,-0.213091627966546,-0.1429382530742865,0.0192900618612239
4.36,-0.0893592090342133,0.0238042567209372,9.355399697034704,-0.2374103902883703,-0.215024219998815,0.0306754630678373
4.38,-0.1013983173269607,0.0047202653854057,9.36572221298108,-0.2249886150859676,-0.2518115666008585,0.1634416566843274
4.4,-0.0593683082541964,0.0708182740701651,9.585205612785863,-0.1649944487143061,-0.1645772629030109,0.005677324109608
4.42,-0.015170353988172,0.0486051242317435,9.620437130273611,-0.083561220188215,-0.0516607651790306,0.1141743882535793
4.44,0.0038042361047087,0.0038700471882997,9.770878837292956,-0.0046524023607414,-0.0136490331807037,0.0879091970667815
4.46,-0.0367170977141412,0.0329184716131359,9.94295023641788,0.0064992001240048,0.0384375627229701,0.02728642822082
4.48,0.043661855765114,0.169683173046097,10.036017421161802,0.1057151021672416,0.1379044847229005,0.0510693683434311
4.5,0.0701899417361927,0.1511397587767752,10.13777573566122,0.1378019345413625,0.0876796647412039,0.0967493991327863
4.5200000000000005,0.2012988399503065,0.1496115538051224,10.25104965605124,0.1655229378671378,0.1911221476623869,0.0224389145924911
4.54,0.1820713532075789,0.1968528420074994,10.374065653538851,0.2238217828075913,0.1461014613846384,0.0600485896275352
4.5600000000000005,0.0538759963553864,0.2252304986835836,10.34608637219313,0.2321157600152103,0.0540516224268258,0.1125418120633071
4.58,0.0855597791866001,0.1063678529812188,10.39326183322069,0.2787790961546508,-0.0225395565110126,0.01229905212786
4.6000000000000005,0.0250566249810186,0.1319966738534022,10.389886686804086,0.3163099204920272,-0.0941366356139187,-0.0914137553847974
4.62,0.0619887665639173,0.1975007457694336,10.392373963348934,0.2806078694951731,-0.0978797096713108,-0.0826304566637109
4.64,0.0959369486666049,0.0295936389035796,10.275947922228957,0.3391873342942963,-0.13710133696447,-0.0740607852430146
4.66,0.1249982772013559,0.0839501827470767,10.278648531666352,0.0835941377848368,-0.243743446919464,-0.0938560070508779
4.68,0.0095037941749687,-0.0287317428472552,10.06792098748714,0.1613410064971569,-0.1891717188056074,-0.0812129526255583
4.7,-0.0078383332869046,-0.0219338310900418,9.937329750378648,0.0749279780756732,-0.1209802326847709,-0.0812361690089598
4.72,-0.1048514419425985,-0.0365777041081636,9.806526451185118,0.0483225457516008,0.0304284121415506,-0.013442021172387
4.74,-0.0281042940786864,-0.0919418181664047,9.614341940258454,-0.0240897339388026,0.0855500609990225,-0.0981714884928193
4.76,-0.0945582786923062,-0.1145373857163963,9.499538309066098,-0.132562261804743,0.1554897692792718,-0.1486203194122952
4.78,-0.0872650011377645,-0.2404133371943807,9.40870847689628,-0.1737465250655446,0.2198894584377146,-0.0217087333523549
4.8,-0.1208943631859581,-0.1406742796969632,9.394483546777035,-0.2683574334786603,0.1666367797251914,-0.000591170135818
4.82,-0.0940972701277544,-0.2425118580928317,9.26203884254114,-0.2374684282776569,0.2285077256918773,-0.0332161669087044
4.84,-0.1850495928592989,-0.1802370566039622,9.192788750770411,-0.385433322480537,0.0918287392532886,-0.0359696194628208
4.86,-0.1733443666899311,-0.1637952410700742,9.26137411075804,-0.261134991328679,-0.0377696032209297,0.0298707161391182
4.88,0.0087355432445954,-0.1269422401910155,9.291197982503697,-0.2943391092822637,-0.0943571283885477,0.0106467203082286
4.9,-0.1548538343103033,-0.1011383615141384,9.319872891565778,-0.2958012176313597,-0.0925062323447653,-0.0602075172823665
4.92,-0.133468122136394,-0.1209535667005567,9.28557244085627,-0.2475131896133224,-0.2155834533821231,0.0899596754576565
4.94,0.029076540286996,-0.103020627556007,9.3986227522159,-0.1962672201166281,-0.1479757347613967,0.1224588040054315
4.96,0.1015417817969268,0.0531359685611791,9.628417343525175,-0.0662695419712554,-0.1885249760659005,0.1619948866756034
4.98,-0.0810054075362047,0.0633711212597293,9.677494528030376,0.0943934548776126,-0.1257063381690502,0.0609147651310295
5.0,-0.0184124478394017,0.1533539497687311,9.786618646755196,0.0609935412075184,0.0329798705297137,0.1113082657930636
5.0200000000000005,0.039504853641964,0.1305691892548145,9.970479854636173,0.039014938990328,0.0437245252979013,0.1098426651713067
5.04,0.1301464588853727,0.092702386265323,10.112634413358466,0.1626238212095433,0.198384698935408,0.0942096531418279
5.0600000000000005,0.0134262822076585,0.2331196242761629,10.14804233822801,0.2219738666900855,0.2130349246648066,0.0835890320710127
5.08,0.0663649509165563,0.1787316084063119,10.282745057212969,0.1896284935186243,0.1506466498595553,0.0636427620778818
5.1000000000000005,0.1293495840496893,0.21673815466224,10.389224234940468,0.2084081508787724,0.1505305113554397,0.0531653992356475
5.12,0.1194651160801502,0.1594820458554389,10.328346516842924,0.2900163906246185,0.0554364016706804,0.0582347626919732
5.14,0.0811843008588766,0.256512843755942,10.4005698993936,0.3403616933962166,0.0124228087447888,0.0597577722408813
5.16,0.0904720250656653,0.104032440062398,10.32725955709627,0.2108991064943308,0.0024739401234738,-0.0614665207370542
5.18,0.0206393519966276,0.0970191687057639,10.28712582964442,0.2321075338626599,-0.1788486271185445,-0.0534533893484116
5.2,0.0651426370788457,0.079490764327092,10.23415294179146,0.2597865582822572,-0.1697686364528123,-0.0848728049692517
5.22,0.0474736552690134,-0.0240391656376854,10.18861415551074,0.1844652699719124,-0.1918542956832798,-0.107682657724786
5.24,0.0530460525806412,0.0019901241834484,10.032524217164063,0.1951263553279351,-0.1496473909940619,-0.1718121678338008
5.26,-0.0077953628895093,0.0216944158916844,9.887405082060228,-0.0106553785494928,-0.0865349894040194,-0.0967743824457764
5.28,0.0210639165829232,-0.1247886809188786,9.787499670900246,0.1100692180394716,-0.0328220086816239,-0.0760024004510656
5.3,0.0257668021745066,-0.1167647414486959,9.593437931287772,-0.1515065883279333,0.1131077322844632,-0.1046133037078069
5.32,-0.0381865196787254,-0.3032946826627045,9.545692244518802,-0.2393321441278594,0.1488307626474673,-0.0892615397012087
5.34,-0.0471177757369837,-0.1886223480116327,9.468335761156252,-0.197062427445697,0.1520971846546368,-0.0553224047056886
5.36,-0.0774989311081943,-0.2136705396255529,9.315099607028074,-0.2971930418735634,0.2424130209158901,0.0107654864524297
5.38,-0.0915198976075207,-0.2401975457135866,9.24072284676244,-0.2765101349885184,0.1524531046067537,-0.0612788700475186
5.4,-0.1343066267500112,-0.136302186453845,9.229299667223566,-0.2983725191663399,0.0622199626697734,-0.0773187371752669
5.42,-0.0841042341803935,-0.1880900599498688,9.09900284547407,-0.3095755523975484,0.0519374696317309,-0.0007529890826878
5.44,-0.1014024938040018,-0.1533034767878524,9.24761188952993,-0.331735043259821,-0.1925287171038023,0.120262213797487
5.46,0.0164292928030341,-0.1285828254647955,9.425719554326273,-0.2430545603015023,-0.1024781396527067,-0.0109746347048866
5.48,0.0032426070501517,-0.16526756947306,9.341315360502602,-0.2421422699591894,-0.2421016825961411,0.0981653603543099
5.5,-0.0394861976014227,-0.0821926578598582,9.441372596938695,-0.1211523321500052,-0.1796346762882554,0.1387973609017501
5.5200000000000005,-0.0772902271684585,0.0675986630789514,9.602356149902665,-0.1264307126775757,-0.1734649926836166,-0.0262535262331259
5.54,-0.0731228794966983,-0.0418119119666502,9.777252798024731,-0.1007392888359118,-0.115078636657524,0.1189675596333448
5.5600000000000005,0.0645815794724203,0.0662669406818949,9.878894983129571,-0.0693122321382379,0.0857666692686653,0.1300442275142565
5.58,0.0404326548090896,0.1201656958748193,9.85599081738122,0.0732801090827794,0.1978457543620239,0.0828360070896158
5.6000000000000005,0.0721825375797522,0.2557615784807331,10.117222146344169,0.0810658736623839,0.1578043025678494,0.0553087399499004
5.62,-0.0206281126052843,0.2268509155316923,10.328203627722637,0.132305467530037,0.2154959972137165,0.045060996916219
5.64,0.1280058491496271,0.1708031127348168,10.320925602768282,0.2712746406725036,0.1914476697616985,0.0413288455484461
5.66,0.1152287375941637,0.2640071693640438,10.297316228437088,0.1886396589921672,0.227055335827414,0.0228731079677917
5.68,0.0431470602000628,0.1517483668189003,10.40610304774565,0.3666154521790057,-0.041468800411233,-0.0082751356183495
5.7,0.0762264324703297,0.2196044850916149,10.33478167448991,0.3073938377482585,-0.0062104746493479,-0.0235028145870531
5.72,0.1090380391195637,0.072963436466124,10.43675325787387,0.2853644051539651,-0.145635185054049,0.0310376649453342
5.74,0.0896417153847649,0.1591492951157504,10.274316123400322,0.209316829373329,-0.2893035323122885,-0.1099941731005855
5.76,0.0591427524456399,0.0443846888641375,10.246220052149509,0.2594725500245999,-0.2172532267000964,-0.1549862019756816
5.78,0.0515524815093779,-0.0308246563511844,10.097472369376463,0.1700354380581581,-0.0944633489457953,-0.0220140044011267
5.8,0.0242135863581238,-0.035396961551561,9.993552328733411,0.0761325336683644,-0.1697118807057589,-0.1025785365558541
5.82,0.0226506845171995,-0.0545626985841635,9.964442885765482,0.0550589115688077,-0.0198700409871779,-0.1182767890979181
5.84,0.0660419180968649,-0.1335712082874131,9.759976774927928,-0.1067373144303477,0.0899787276773182,-0.1052767462126948
5.86,-0.158037080204268,-0.1159953168617451,9.593814927367497,-0.1708788310505664,0.112818949694374,-0.085022619435708
5.88,-0.06220483338906,-0.2003812720070833,9.44056468047421,-0.2070962647557813,0.180059531854469,-0.112594903075202
5.9,-0.0596290895242462,-0.1590279362599551,9.295686662122815,-0.1878877683981202,0.1137904503585986,-0.0476003063597762
5.92,-0.0682598904352261,-0.1770682707946292,9.23907842880638,-0.2493416858490498,0.1492072482082597,-0.1038006903392638
5.94,-0.1120286233117256,-0.2012109015126832,9.245000596598253,-0.2278497194591956,0.178552754703351,-0.0507324967637846
5.96,-0.1868822316935942,-0.2091234875667718,9.254734833018142,-0.343137920317424,0.0576243419553195,-0.1245138418327017
5.98,-0.0832135867286117,-0.1588372357064579,9.174302259892986,-0.2701066907188847,-0.01663753972287,0.0673969763982628
6.0,-0.0087381409213062,-0.1097833078696699,9.30789327025886,-0.2910104825083103,-0.1108991714743412,0.022097314609513
6.0200000000000005,-0.1624457358651722,0.0019069597827367,9.249608985172395,-0.3044102565951425,-0.0668580480721686,0.0849491579650083
6.04,-0.0288395018038814,-0.0129440848440905,9.355913998923262,-0.1968273239307266,-0.2213838860875479,0.0931940597945928
6.0600000000000005,-0.0710656958295718,0.0332047337075615,9.418184555942576,-0.1672188969325429,-0.1027777323748684,0.1112434930227801
6.08,-0.0375305096088942,0.1839456829139798,9.642752332823685,-0.1348488366596256,-0.1227360312035528,0.09348460933667
6.1000000000000005,-0.065178248891628,0.0989288968050868,9.829675590563646,-0.0355000157120872,0.0349719712960681,0.1186228397684065
6.12,-0.0066866371326725,0.1372482991727647,9.772126180863918,0.0236319951584943,-0.0213069083600268,0.0514308810675328
6.140000000000001,0.0970965907156687,0.1823442797761201,9.97525806245259,0.0885986795162872,0.1308186699204636,0.0361509026879878
6.16,0.0816502250955148,0.1233262181175646,10.17834377032928,0.1369227314928483,0.159083945634079,0.0800441515042065
6.18,0.156880577250382,0.1693572653571491,10.14924270580803,0.1455475639949725,0.2069578256332652,0.0371647487011403
6.2,0.1433033869990861,0.1742628394091856,10.334930950649763,0.2570366484453479,0.2420842236265105,0.1248558881603711
6.22,0.1162533875357652,0.2298035468046129,10.4268679315461,0.2427614420817884,0.1444787525260377,0.0520391759176542
6.24,0.1865578573603904,0.1765077103913985,10.400078227029846,0.247066949773799,0.1058732866912235,-0.0245384310186786
6.26,0.1213107889889157,0.1704851165350167,10.423679939859012,0.2860484009508721,-0.0783652068535731,-0.024862660412627
6.28,0.1356984624291394,0.1879707031946827,10.4538394408421,0.3195984879764683,-0.1666799951343256,-0.0266316253528936
6.3,0.0696042448734661,0.1399732197664616,10.404018083006267,0.2625790530351536,-0.1801601568363404,-0.0569828273053454
6.32,0.0735922877728452,0.0470149469131575,10.218491621227583,0.1842378805217754,-0.2019168177603175,-0.0575662660742152
6.34,0.0176462718311157,-0.0229206329603835,10.088485885511815,0.1289850860949959,-0.1880612532714624,-0.0816667209563537
6.36,0.0815735577104636,0.0222820166494038,9.94656716033064,0.1280737460516013,-0.1695176458224554,-0.1642426679229784
6.38,-0.0488790096706217,-0.0390912882277505,9.909065236432166,-0.0897282740169975,0.0199905833897129,-0.2070403300733255
6.4,0.0265841937644526,-0.1974399179620107,9.65621128197187,0.0022682793906827,0.0315961174012965,-0.1178919223760473
6.42,-0.0439968451927097,-0.1661588178991319,9.58058554419573,-0.1970936656988721,0.200715098424523,-0.0658487505104695
6.44,0.003922919999939,-0.1679319233597224,9.477297880507162,-0.2346886994364298,0.1836854027843864,-0.1018712557323931
6.46,-0.0344874530522277,-0.1539956639755035,9.34266445943132,-0.2418059990295334,0.2322793410688201,-0.0075371249110192
6.48,0.0052796422629748,-0.1543321033318522,9.299475019534766,-0.1487517897115535,0.2043437274351747,-0.0537882883430955
6.5,-0.0585669170725831,-0.1823609505490053,9.357591756137548,-0.2014459868878328,0.0763433134409517,0.0369581037751042
6.5200000000000005,-0.1782153736969793,-0.1539991418161236,9.196239904996771,-0.2635156949530949,0.0533647578726793,0.048810052308141
6.54,-0.1023938012145751,-0.1574234580992014,9.18395286321064,-0.2793113087942228,0.0418262601198898,0.0663433723271872
6.5600000000000005,-0.1520332538754019,-0.1635081504194999,9.290169225745126,-0.3734125311376072,-0.1206217608318328,-0.0245343938390248
6.58,-0.1089735820378949,-0.1054504365003628,9.313621642689789,-0.2413408616147086,-0.139951604388908,0.0565445950474789
6.6000000000000005,0.0071067110709673,-0.0493025258936867,9.461238525003358,-0.2328252077066048,-0.164941753456045,0.1340355371162569
6.62,-0.0184856296186911,-0.007290760484626,9.50606046000953,-0.1919204271718639,-0.1586842680156555,0.1000095779571855
6.640000000000001,-0.0646506795866406,-0.0548570579199984,9.60935389065523,-0.081372319974377,-0.1041298539391134,0.1232044497246127
6.66,-0.058218548874813,0.0625174236249684,9.665617672278517,-0.0461535421307142,-0.0026793398680856,0.0303215247702803
6.68,0.0166616635558875,0.1239743331694644,9.80914861878186,0.088532654034666,0.0975724436391829,0.1948046710041949
6.7,-0.0240155522005884,0.1396951565183682,9.929089797089452,0.0136396274247705,0.0693012183331846,0.0534089284605542
6.72,0.0231698810428456,0.1661883895907487,10.15932832779026,0.173931255855323,0.1992309329461434,-0.0173679973246664
6.74,0.0893517853133797,0.2185996577861199,10.174395396421533,0.1772990740317505,0.1900228277912685,0.0499769939208489
6.76,0.1447839772722868,0.1460289726165828,10.384889121097682,0.2405733349550713,0.1519289890561475,-0.0731014584212231
6.78,0.1262902525129596,0.1141633934336099,10.376625401653223,0.302787857679175,0.1740770882982816,-0.0257543309925609
6.8,-0.0147618025870779,0.1637823568209129,10.38660669110188,0.2435426253979779,-0.0115906656903272,0.1342046436081548
6.82,0.1138869308722997,0.195790913910798,10.349818812764504,0.3042173902279835,-0.133927174976943,-0.0352657553946496
6.84,0.0961093993450751,0.2103288175141371,10.386159261514187,0.2669062517898755,-0.1007441826904739,-0.1093672679511686
6.86,0.1023284393403528,0.1270068092736859,10.24957865945319,0.2118724319563102,-0.2596178000062678,-0.0564923760139211
6.88,0.1474116708259863,-0.0280417549013767,10.150338220257064,0.1762749359297319,-0.2951194160019303,-0.1194843017940162
6.9,-0.0549865464300659,-0.0110873976776806,10.148469700491296,0.1367985076711673,-0.123452200600904,-0.04440470802069
6.92,-0.0022599777078217,-0.0315048360975367,9.981502219349156,0.04349375502704,-0.0970988134641383,-0.1406800061279103
6.94,0.0345697479576443,-0.078065737329046,9.818400119495449,0.0154280192202103,0.0035636383981972,-0.0863370101538438
6.96,-0.0965820258702237,-0.0981592665243677,9.727057813851529,-0.0664157487758835,0.0468072058959183,-0.1558093852965437
6.98,0.0346600857189548,-0.2027815181757474,9.565622393553213,-0.1479762269045098,0.0748414983971314,0.0379282225029407
7.0,-0.0403606945942135,-0.177491544785736,9.466479506147106,-0.0968434639925902,0.1309219425781461,-0.0557205134361296
7.0200000000000005,-0.0330959387814404,-0.1743242262326836,9.306606776439564,-0.2055134180927509,0.1844828401677658,-0.0729338654494187
7.04,-0.1167763057195852,-0.1587066285407502,9.37414519458456,-0.2838229795616343,0.1024990369432594,-0.0617183057480971
7.0600000000000005,-0.0558499793850169,-0.2347371426211587,9.191790018316224,-0.282321470108747,0.1160772856794333,-0.0537641497914574
7.08,-0.046505369464607,-0.1962635736814708,9.278227132763147,-0.3511278486308522,-0.0080575357961362,-0.0418146922573688
7.1000000000000005,-0.0865848240660103,-0.2896314388710882,9.201184207097564,-0.3165247555575355,-0.064373108168672,-0.0206817048504863
7.12,-0.0798040726271567,-0.1530803099923062,9.2912101522102,-0.2905762243081871,-0.1397452170603145,0.1242070860944642
7.140000000000001,-0.066639536523001,-0.1095788025631987,9.355770984028783,-0.3028097909567562,-0.1723643800822494,0.0321598004196903
7.16,-0.1078728593939131,-0.0914413487972005,9.469109010815838,-0.1747490860711112,-0.1723630624771233,-0.0302266942307759
7.18,-0.0533344200741672,0.0127758122814371,9.482220898268896,-0.16315459331709,-0.1804628796824011,0.0305152588373593
7.2,-0.0324951153391029,0.0464262474802765,9.704567837765032,-0.092380299521825,-0.0871522714886496,0.1432445471128201
7.22,0.0166566836733401,-0.0215166144105744,9.877243935279564,-0.0359750215891716,0.0017515427850513,0.0873522160987631
7.24,0.0699622103969559,0.139781304980744,9.906891339346556,0.2078675236864787,-0.0431697820872257,0.091281425231606
7.26,-0.0114892459995928,0.1135791592876382,10.050360651953072,0.0911819167892822,0.1831765634401931,0.1495013196394545
7.28,0.0545425782534821,0.2071181084835088,10.13858584649276,0.0789452416140916,0.2005734375776679,0.040540710406168
7.3,0.1511241016605271,0.1322647026475947,10.244986133056216,0.1511573742847934,0.2246598934079169,0.0953632850814148
7.32,0.0522047309744984,0.2013775292876377,10.421875994437386,0.3061175583801517,0.0959712172018107,0.011444164119623
7.34,0.0560506724269512,0.1790559784382141,10.332767313442291,0.3583121544585581,0.0761273133661807,0.0524437315399899
7.36,0.1101074140119413,0.1918626446674518,10.352846685429752,0.2658864536925022,-0.049550453739614,-0.0183001585501483
7.38,0.1399460718810855,0.1574332320170625,10.466905920961636,0.3571279205522317,-0.0456450473880102,-0.0332781697349892
7.4,0.0910540080246346,0.1052279865660748,10.374123652774028,0.3085276157319322,-0.2243584756585842,-0.001571246280944
7.42,0.1450768727355118,0.0019494520721092,10.3777915717341,0.2264125230916825,-0.2407590856790501,-0.0243847209249078
7.44,0.1056088352573958,-0.0383331412318308,10.154092884883124,0.1752850941986817,-0.168737918300039,-0.086117629426932
7.46,0.085802580009597,-0.0387128815177007,10.068583516852442,0.1401782413160644,-0.1887264130411879,-0.113521708656376
7.48,0.050132901161142,-0.0544933865802633,9.901528609381034,0.1111540193924943,-0.1338426861696369,-0.0174953080545751
7.5,0.1163826550173049,-0.1262975050807952,9.807165058432387,0.0198647282797531,0.0453359714770064,-0.0705334594251015
7.52,-0.032685160538241,-0.1015452394352349,9.576732708566151,-0.1011216433747513,0.1348087411597827,-0.1170097777115518
7.54,-0.1438876912684184,-0.1769216502597546,9.571978267842196,-0.1398450823465936,0.193361246054372,-0.1225947433211251
7.56,0.0174435819467864,-0.2330637764649333,9.439558887400194,-0.0892442356511157,0.237889108410654,-0.0266013548095948
7.58,-0.1015138147615027,-0.2111549535387625,9.325349207594735,-0.2233258397761748,0.1827473826360325,-0.0560159570063759
7.6,-0.0850886830294506,-0.1883449899753613,9.237585552290405,-0.2279818443956761,0.143872999823325,-0.0507555789128108
7.62,-0.0322492781137928,-0.1756107813381859,9.16890142649068,-0.266186187707996,0.0504710522719789,-0.0154519522140763
7.640000000000001,-0.1801050814733278,-0.0803788016445993,9.23643301907935,-0.2863084260612596,0.003360439297128,0.0181464477201856
7.66,-0.1597455339967745,-0.1813061482717295,9.158466460966023,-0.2860545748736491,-0.1183108884905879,0.0208154423308333
7.68,-0.1694480392710693,-0.1175645894905923,9.289289941111702,-0.2232828959791309,-0.1819667072705228,0.1050226649511524
7.7,-0.1167581387788504,-0.0528121318512557,9.441414624074998,-0.1952218610672036,-0.1664624284465923,0.1267093227854678
7.72,-0.0388111994686112,-0.0317410986767027,9.50951789581545,-0.1691844154078054,-0.1338493654909363,0.1059934458248731
7.74,-0.0152281659586903,-0.0104950550535022,9.476118254270494,-0.159000800575381,-0.1309372634337173,0.1597465465932807
7.76,-0.0061572890850135,-0.0185617508355216,9.653337108674188,-0.0406350538769,0.011441059894686,0.0984103436453356
7.78,-0.068125284650285,0.0747238449315415,9.836150594293766,0.0041886318095955,-0.0252269149656854,0.1344849691785608
7.8,-0.0906361831151472,0.0828367617643925,9.945699836198193,0.0591941705822012,0.0044520028598784,0.1470811320564603
7.82,0.0486756653316674,0.0794925793045872,10.00577763045877,0.2718127569347485,0.1989992446229134,0.1397655588821851
7.84,0.0411167944750272,0.1468919459038615,10.20749937451534,0.1171642230854408,0.1587455112092367,0.1220442084880622
7.86,0.1031259870729179,0.1456638392909198,10.28043934616671,0.2883957384141363,0.1780197457147075,0.0913499580098364
7.88,0.1266217985731551,0.2284619928577147,10.44486097400274,0.2314388045735832,0.0590127979655797,0.1381470493532709
7.9,0.1051407966758029,0.2204293018059865,10.37671091530634,0.3012459496857761,0.0286643981696458,-0.0082466578047016
7.92,0.1379356015328516,0.1265839113896334,10.457973852850683,0.428216217746686,-0.0901767319345467,-0.0115300576450035
7.94,0.1079987325890809,0.1314181709050176,10.315874563143469,0.2414960419087792,-0.122439803498166,-0.036809674461496
7.96,0.1147323579235688,0.0168110486197147,10.277974270966148,0.2284937351891233,-0.1858467545333092,-0.0654737504547234
7.98,0.0401914749301164,0.0447097783756723,10.28863392643214,0.2253997273632518,-0.1935942645619196,-0.1650971777460421
8.0,0.0497979545376746,0.0455424308911269,10.206857690405856,0.1339747278061747,-0.1282251550412723,-0.0121584591520821
8.02,0.0489761715165684,0.0217029057077654,9.986954563798603,0.1616149175981767,-0.1102164917326914,-0.1433252076889007
8.040000000000001,0.0585287296683974,-0.0993379744619158,9.906217705709356,0.0257804458894148,-0.1500370664454233,-0.0899656880156158
8.06,-0.0247114904292052,-0.0519899651363034,9.700774450415688,0.0176271865535369,0.0504731147508845,-0.1709667545443461
8.08,-0.0012368307651266,-0.2159362947649805,9.627167847374334,-0.1483450372452001,0.1106226608643311,-0.0651669806226217
8.1,-0.0614673070059402,-0.2309618750733439,9.55279393482018,-0.2348676773382251,0.1639742634985974,-0.1269004698013964
8.120000000000001,-0.0724782951098325,-0.1529376339749802,9.378644954582636,-0.2112528091779305,0.1975872856071409,-0.1313922107478703
8.14,-0.0401579729705146,-0.1151055776593095,9.2977447142725,-0.3233271671170344,0.198825728582886,-0.0480400971181416
8.16,-0.1921607392361535,-0.1741098850990813,9.188463905984523,-0.2016097164120646,0.1059356544090922,-0.0730146385763117
8.18,-0.1634922108245248,-0.1907912771706568,9.175570512794035,-0.3724959577871102,0.0550711790852107,-0.0449716713238072
8.2,-0.1739119427149683,-0.2789086822310264,9.289089508753754,-0.3512923529120166,0.0341303094817373,0.0148685327129107
8.22,-0.2125329848941529,-0.2420296515644484,9.228533171175432,-0.2668755424314824,-0.1444741585681298,0.0685013989287182
8.24,-0.1209315974747115,-0.0990159266814987,9.227774358865757,-0.2903733239039583,-0.2229997300474848,0.0083527097612434
8.26,-0.0362796167494305,-0.0825945046162451,9.341753532089196,-0.2971733337008327,-0.202312089222327,0.0179736571125273
8.28,-0.0709710982318057,-0.0758923148034873,9.37976724946561,-0.0681824767344328,-0.243394111329142,0.0835274430969556
8.3,-0.0269229511713753,0.0278164099392484,9.528417283782185,-0.1605190559633825,-0.2230485772584551,0.1199402776017292
8.32,0.0394383159234637,0.0741864759455652,9.777881633479868,-0.0548805671110549,-0.0766316751691483,0.1720029340668226
8.34,0.0739169871661777,0.1560545801881415,9.838071962097429,0.0121384156530779,0.1024762120523471,0.0461494101113763
8.36,0.026247261421395,0.1505231063121446,10.072761457751271,0.1246279320714349,0.1115235850315016,0.0795880994111457
8.38,0.1180416146420458,0.2326512962405994,10.097406529056654,0.1742045835242809,0.1829656056563156,0.1451816429730463
8.4,0.0730610435145742,0.1904462574339637,10.208929328747638,0.1640240798920561,0.093097927778098,0.1715515895490771
8.42,0.0411896787282081,0.1934126241560924,10.330402247444594,0.2328874088865783,0.2069217159889391,0.0060330116833811
8.44,0.0637128766357239,0.251380358089646,10.226967986362997,0.2689525610598913,0.1378706665523443,-0.001299408119006
8.46,0.0250193169414143,0.1381323279464024,10.404523821600671,0.3345864026189235,0.0213446457014975,0.0328340337989568
8.48,0.0552066682276346,0.3071366481580291,10.395230841082856,0.2404239870000217,-0.0260020882249363,-0.0376722767647286
8.5,0.0772048172257939,0.1560588689296913,10.44493585445285,0.3862224827263352,-0.1090509696005965,-0.0688632871629923
8.52,0.125931916588296,0.1202244604957294,10.362749963424376,0.2192988274851256,-0.2294326417048847,-0.039220423059704
8.540000000000001,0.1580693940470898,0.086169904632629,10.175500830655404,0.2156552376285423,-0.1832652081891224,0.0081056671057083
8.56,-0.0144696410954251,0.1094515875498121,10.18994353897194,0.1059188320356185,-0.1231914633978257,-0.1492269187591835
8.58,0.0541056657304476,0.0101052974126642,9.99367002762566,0.0384849263703241,-0.1408082660875645,-0.0189566803764117
8.6,-0.0394938736014449,-0.1533837719168886,9.829977278823788,-0.0061214503845858,-0.0931176875548316,-0.127949931060592
8.620000000000001,0.0136986829380385,-0.0428426043688048,9.749638133632832,-0.0786346753385774,0.0310629926127952,-0.08220550563522
8.64,-0.0386486935151073,-0.1641883550322886,9.597295366332483,-0.1169959341499045,0.1643167192921427,-0.0151672944443813
8.66,-0.1440627542885061,-0.1684167633550113,9.561818487724649,-0.2065006404265759,0.1174523428653893,-0.0688332685643635
8.68,-0.0238501474014597,-0.2555150457868496,9.395441119545255,-0.1760173698749414,0.2289121217799722,-0.0860281201308888
8.700000000000001,-0.1146828281906381,-0.1732612018376075,9.303686190743091,-0.2924475724165234,0.1470646875671796,-0.0176738983631626
8.72,-0.1209940655079642,-0.2299915624470123,9.279238032607054,-0.3275879354404551,0.1376414263271266,-0.0419402645689205
8.74,-0.1528487516164853,-0.1802079566027846,9.25847679459263,-0.317731836361866,0.0166375884375975,0.0147819139923826
8.76,-0.1320752948863787,-0.1777788955293421,9.24301346840286,-0.2484414492211882,-0.0732049999439493,0.0010515885684559
8.78,-0.072904531554541,-0.0373473321004687,9.305178852105028,-0.2721533520873406,-0.0493835264463838,0.0763395993017494
8.8,-0.0938950095970217,0.0022973321760252,9.32383736534448,-0.2582828541449777,-0.2514197400198788,-0.016128905129611
8.82,-0.0538318968657607,-0.0527753385544823,9.386792591357027,-0.2824472294380883,-0.175715899963486,0.0204774865162448
8.84,-0.0344213702996884,-0.0073802363150872,9.546853825127618,-0.2146878119815772,-0.0922020642841906,0.0146530269360712
8.86,0.0339387217956862,0.0158095716157774,9.60288902711156,-0.1602035799441474,-0.0873099632152837,0.091888359039657
8.88,-0.0271754790283402,0.1330861618483835,9.741445296906504,0.0352340467282535,-0.1064968470548396,0.0230181907576415
8.9,-0.0613095674858559,0.1006810835305731,9.96127878600343,0.0641281262258743,-0.0143410480127983,0.0646198913781068
8.92,0.0878254131460497,0.1294342572214314,10.087881960302466,0.0603118515061421,0.0918299234815652,0.0384979555369474
8.94,0.0380650260685632,0.2251373396438077,10.127427817694391,0.135699721828995,0.1909436301001754,0.157736615481156
8.96,0.1277605247176597,0.1660221950657228,10.209507836067464,0.174828198654506,0.2111550292325704,0.0198313129724883
8.98,0.1049215212784889,0.1979494263564143,10.387674668726618,0.2129649360390607,0.1128734175720054,-0.0128833317680167
9.0,0.0885487751193482,0.1174907115322292,10.410654827672856,0.3083320064493554,0.0739191775361452,0.0433186261257829
9.02,0.1170521556166319,0.2184710356402256,10.413459228195771,0.2844632717037357,-0.0055695125539414,0.0931261773831584
9.04,0.19659677057598,0.2576736451772022,10.378183219908497,0.4011968149238684,-0.063627727509211,-0.0195823830307483
9.06,0.1972819206983487,0.165876834650461,10.377182194409697,0.3428166739628331,-0.0339676006222976,-0.0375771531951786
9.08,0.08652864667622,0.1654771753256649,10.297272116523102,0.3146527867820792,-0.2316747946480645,0.0088503114051047
9.1,0.0764642402587233,0.0079469784168278,10.177511354578568,0.2389319805260152,-0.2484532373424439,-0.0289853958313181
9.12,0.104174328036895,0.017373012085106,10.108626037410817,0.1299540069653677,-0.2306937656910965,-0.0651215924886891
9.14,-0.0125788934806642,-0.086579583520645,9.9914961512282,0.1190020186995885,-0.0816765612632383,-0.124603490894674
9.16,0.0241861991837056,-0.0937798676505076,9.826426329970744,0.0051564069319456,-0.0321121976419048,-0.0769179947117307
9.18,-0.0163157013097675,-0.0825534766473819,9.75505593095803,0.0364461258001939,0.0145969889069052,-0.1669043792414259
9.2,-0.0211170446955905,-0.1486726254584887,9.64356688800474,-0.0902233966529086,0.1187696419968224,-0.1241614260584548
9.22,-0.0983953352101463,-0.2491616304963906,9.508133515206715,-0.1570626668078773,0.147290273443438,-0.01078012721508
9.24,-0.1532296864012661,-0.2599515445227784,9.343679710324396,-0.2149003020859776,0.2140212858880966,-0.002433646575046
9.26,-0.1906675472665167,-0.2690350285435532,9.315680822407709,-0.1740418050328134,0.3057241615785492,-0.0273984991880611
9.28,-0.1517213845512177,-0.1709928746341915,9.22878499646258,-0.3592440533970512,0.1368220896314687,-0.1249696123158314
9.3,-0.1227364370897938,-0.0779961195799118,9.13939666401474,-0.2074936271450452,0.0204172209574906,-0.0666901283520883
9.32,-0.1133281737532248,-0.0894622814356976,9.241624902400169,-0.305313473635067,-0.0974374963358415,-0.0177099049112145
9.34,0.0043538374380296,-0.220750425497108,9.252260257947173,-0.3478306108411209,-0.2076999980540098,0.0293929579852434
9.36,-0.0263342565763539,-0.0168466004154618,9.439873849673154,-0.2825122617973095,-0.1519136206084199,-0.0047632871830721
9.38,-0.1147057425605061,0.00144858775867,9.47325642270338,-0.2823439233664533,-0.1647545531856854,0.0622784283633069
9.4,-0.0307899447876231,-0.0777959615675952,9.5465053033857,-0.111843264951231,-0.1921706349349421,0.1759954299121544
9.42,-0.0476491053692495,0.0291764743160888,9.648687363754007,-0.1338002281725259,-0.044368226845131,0.116244561001542
9.44,-0.0192426237199825,0.141721413750014,9.778039521845034,-0.0066399121436982,-0.0190169960259919,0.1108150271086535
9.46,0.0267685883682973,0.1526461697182533,9.854829365203514,0.109217769200877,0.1076666214046625,0.047578662501996
9.48,0.0700959225324905,0.0914743182333104,9.947874838742331,0.0838112536228556,0.1588716550792337,0.0100739454009614
9.5,0.0418156010350459,0.2112758069530831,10.109043195921403,0.1629303910365204,0.1813545092651478,0.0194918781603432
9.52,0.1286177147103278,0.0884653379174602,10.25016497753314,0.1611070837250288,0.1503480545739563,-0.0183108818267542
9.54,0.0311322113363754,0.1888490674180726,10.224097771950523,0.245269512482927,0.1588423502210274,0.0508221563286081
9.56,0.0968551170014409,0.2513490727605214,10.352012893686329,0.4183156729136513,0.1428271737718921,0.0452784408493569
9.58,0.2298126335938505,0.179925441097893,10.387193031928131,0.3386834999976987,-0.0103413944893819,-0.0444954793739731
9.6,0.1093827122041327,0.1294936773693254,10.37860102276294,0.2814496542739267,-0.051637840756774,-0.0113421644631143
9.62,0.1631848425924001,0.1664745243020345,10.31605852366314,0.2439879499771886,-0.2016394175728369,0.0331590472402472
9.64,0.0847327073957476,0.1320956486689752,10.263864500203454,0.2383384256784399,-0.1527014409969581,0.0380943688116093
9.66,0.0937444509234347,0.1059641080321782,10.274428268347863,0.2006193260805168,-0.1816901220170759,-0.0377237335636834
9.68,0.0431188263425147,0.0392219166525142,10.108855180447428,0.1169204728291602,-0.2233733880852633,-0.0975556700792713
9.7,0.0163486096582745,0.0048452206143169,9.921198893454,0.1011099259380106,-0.1075514609964209,-0.0599531039190505
9.72,-0.036461110291938,-0.0547986515964323,9.8116606678479,-0.0401333458700215,0.0365231818299677,-0.0323779197444319
9.74,0.0015440698964375,-0.1157294740598308,9.678758344908749,-0.1078323779035337,0.015323106334777,-0.1983469121279527
9.76,-0.0840144175586162,-0.1555199158388991,9.512976879717026,-0.1058029014454733,0.0973027642159725,-0.016907145178679
9.78,-0.0275137679537886,-0.1946966464788522,9.396785310496048,-0.2408111769866001,0.1896014800273295,-0.106628380894437
9.8,-0.0227869740552839,-0.2569756796870149,9.38821825535086,-0.1947031101896113,0.3031239866673468,-0.0904905467217428
9.82,-0.0710575720532646,-0.2476427778020812,9.242705926633404,-0.268866457865225,0.1266844927722017,-0.0625847202382996
9.84,-0.1114756099692518,-0.2073148689792998,9.162286140899656,-0.3828849808102624,0.1166796721035743,-0.0076456927635852
9.86,-0.0772938254549468,-0.164634942439815,9.197890356274238,-0.2945013569830974,0.0180327894687371,-0.0568193166732741
9.88,-0.1131604651341398,-0.0791577382342798,9.219539613515542,-0.3774377682999072,-0.1123511112119373,0.0069600092576587
9.9,-0.0437053489733447,-0.120076056710925,9.158468557310696,-0.2367800152570234,-0.1460459809659128,0.0688417894814013
9.92,-0.1701991474244183,-0.0285892532304378,9.326189622827169,-0.2483222461035163,-0.2167180796876821,0.0727145237727326
9.94,-0.0795495045350027,0.0184385258803829,9.46678417994299,-0.0957531975618702,-0.2133438642194647,0.0968869558747755
9.96,-0.1432521764212923,-0.0020538053213464,9.560292009285538,-0.0775690877766469,-0.2403212815659781,0.073742089537576
9.98,-0.0971801176062988,0.0838139029522909,9.77692729919012,-0.1203158535964069,-0.0886449650735043,0.1321381849017905
10.0,0.068193111490695,0.0837087056345967,9.862555474115608,-0.1010369931920722,0.0449546753311257,0.1528208061001428
10.02,0.067186325193522,0.1989126306681303,10.007009157807168,0.0295261654452444,0.0902944420691693,0.1472746528867933
10.04,0.0077375650008546,0.194752771212469,10.202273756786282,0.070071799853764,0.2117830744684478,0.1113210367987934
10.06,-0.0123560366729751,0.1252889524915391,10.214522629863149,0.2795943127310639,0.2244699970108892,0.1247908605928865
10.08,-0.0695975986784209,0.2053263714970595,10.279926569678606,0.2353707966769773,0.1913492812664241,0.1053389905147702
10.1,0.06330792984997,0.2820435898823831,10.391583246151178,0.3181190559489637,0.1227063709048178,0.1764033244907149
10.12,0.2187475629691896,0.1827934655520791,10.358399052471167,0.2789288914429294,0.0585619304305827,0.0821040644946398
10.14,0.1217363179935639,0.1966835097490104,10.40533694249704,0.2909929388471125,-0.0785515427855221,-0.0056938108200989
10.16,0.069184558988993,0.1751546231585155,10.35059265759489,0.289858168748957,-0.1052699166292127,-0.0692338640697156
10.18,0.1126381528901418,0.0620595114528418,10.356204082368905,0.3234793931750019,-0.1530134590459669,-0.0578953343469584
10.2,-0.0009965933721439,0.0996537266528996,10.22971249126448,0.2467352106164645,-0.1106863952557768,-0.0803316417548688
10.22,0.045926861634579,-0.0391218068850698,10.13041175362368,0.129512397134549,-0.1666603116027112,-0.0538279114784899
10.24,0.0464114317501156,-0.0458170575660006,10.069299013251248,0.2054383812023068,-0.1940929751541203,-0.1260234093279644
10.26,0.0156659654603885,-0.0051149596069813,9.91294041626962,0.0452722192050072,-0.1502431471433817,-0.0383766466624044
10.28,0.0370272965401719,-0.0824277583687723,9.688545885948171,-0.0303150348268286,-0.0002787407242814,-0.1694465692230948
10.3,-0.0076367274046826,-0.1517457727876093,9.578008221635486,-0.2160822312619075,0.1369389571617296,-0.1784845729286839
10.32,-0.0125416851567487,-0.143499862298517,9.466888759054036,-0.1061539786283788,0.1522370333087168,-0.095569445277622
10.34,-0.0991242102684822,-0.1896805003751475,9.367617827752635,-0.1890661564877386,0.2244363975918532,-0.1183722035609205
10.36,-0.0352659280665592,-0.1973895002116505,9.339780975551411,-0.2354738126311649,0.1826480853408676,-0.122702191004968
10.38,-0.0100772698808921,-0.1664317392570603,9.261802238781032,-0.2947135853418159,0.1833526452074153,-0.0721441413216085
10.4,-0.1467362010554394,-0.2267430969682283,9.263891618147747,-0.3234470672252456,-0.0062379905983468,-0.0568124229125187
10.42,-0.1443137300497869,-0.1697610555909423,9.238066407562735,-0.3182658631336983,0.0651437449017191,0.0042757348287042
10.44,-0.0297489470673161,-0.1600430121635079,9.274366164509168,-0.2664564480936194,-0.1563488127383323,-0.0049393887867248
10.46,-0.0977963219782484,-0.1890033504553538,9.301045073711984,-0.2327314792788186,-0.1264325633526734,0.0201136753040295
10.48,-0.0052340684702826,-0.1154495636972716,9.357933137012912,-0.2378269936395613,-0.2117014848727779,0.0654152896642309
10.5,-0.0809053108238566,0.0528169864971824,9.5022964357389,-0.1288887009719042,-0.1960026982773758,0.1316137779742659
10.52,0.0336149121298139,0.038780154502199,9.611146439484676,-0.1213608091020387,-0.1561169002760929,0.1655604580110259
10.54,-0.010928015057255,-0.0024937946927215,9.713790932992534,-0.0777182385987658,-0.056148355382329,0.1058448115771237
10.56,0.0179358729841116,0.0275649893702592,9.89370018445087,0.0249940741992988,0.0429485701342874,0.1111508515991277
10.58,0.1055310946352277,0.134543503683778,9.846481749185228,0.0139162597305043,0.1579530015834123,0.0870434162938165
10.6,0.0300868435379616,0.2466398117749772,10.074529045754,0.1561620176844731,0.2392630292302688,0.1116930990073409
10.62,0.0195450819471772,0.1790828205166556,10.184317597177966,0.1226944549539568,0.2153133394428368,0.0941050825716251
10.64,0.0592057146703006,0.2640116167576727,10.34743769430439,0.1935154272159669,0.2742818191369881,0.1240496544966473
10.66,0.1151244182156027,0.2163780230491989,10.433616073948214,0.1765885917145061,0.1451786211008937,-0.0564573219055913
10.68,0.0203806408117608,0.2123366807362516,10.319502598014209,0.2872499356287847,0.1180607400740934,0.0045388293338793
10.7,0.1316762179753832,0.1023634694396857,10.469374395764428,0.3798897036439361,-0.0036306630675535,0.0106804415034508
10.72,0.0689136130208504,0.187783444849762,10.316540814109114,0.2817027036511409,-0.1367391009181222,-0.0298161241241032
10.74,0.1444090085036307,0.0887398016626113,10.265049490523674,0.293234395372514,-0.1624436235197384,-0.0962313857596348
10.76,-0.0459617035092052,0.107845993818234,10.230793585298542,0.3388696300730743,-0.1740681279531777,-0.1325016147741253
10.78,0.0173986061574683,-0.0201079434034247,10.124451045869431,0.190383477144035,-0.1884756950614546,-0.0420371384613988
10.8,-0.0475109522932373,-0.0156873135222507,9.942953867624963,0.072176763576002,-0.1162665952858596,-0.1308239411086459
10.82,-0.026288914406122,-0.0508297598732936,9.922629252147082,0.0136892465994349,-0.0161401683490618,-0.1866101990490715
10.84,0.0048506145026551,-0.1165354525899192,9.78877403791958,-0.0225651312472256,0.0288764607243516,-0.0568872470255665
10.86,-0.03866548943019,-0.1234657325072021,9.67447713086197,-0.120757206736153,-0.0337405936087769,-0.0725373094523614
10.88,-0.0630311986109769,-0.1845514315835058,9.47615331252965,-0.1789913104814002,0.257950258508574,-0.0921860465921952
10.9,-0.076413954161872,-0.2224995436085872,9.387292600694163,-0.1561014363156324,0.1847257741746379,-0.1186244423801924
10.92,-0.0728901778885834,-0.1189052047567607,9.300121102237386,-0.197870955720131,0.1438514303252786,-0.0613596338173445
10.94,-0.1438596963428161,-0.1457171054592147,9.32380240659946,-0.3626433068394155,0.0769968587042131,0.025138192154634
10.96,-0.0637036605247126,-0.2250976092008828,9.064010905450347,-0.3380469036040064,0.037768091986782,-0.0945139933699036
10.98,-0.066480062395043,-0.13799206021499,9.154472617064645,-0.3220403020886213,-0.0631420033609051,-0.0694137611819051
11.0,-0.0758537547467106,-0.1744299377564139,9.229643132362495,-0.2553625075802846,-0.1544075236527253,-0.0004865667081269
11.02,-0.0579259934818026,-0.1604172300369615,9.231205494538033,-0.2001042174328146,-0.2105645587792171,0.0501117690384893
11.04,-0.0572100024483575,-0.0082246338640498,9.3548985672037,-0.0809943107526773,-0.1733707533251267,0.0445507356870916
11.06,0.0471142304631266,-0.1007997450655998,9.465859615140946,-0.1872019688344131,-0.081530062474028,0.1158936327625652
11.08,-0.0388190008700769,0.0758628688497936,9.560329940655668,-0.1241793126694557,-0.0883826124131429,0.1483150829878048
11.1,-0.0278874842731603,0.0604948573380399,9.728023506166544,-0.0081714692874089,0.0063919318047531,0.113149908861821
11.12,-0.0276402075327471,0.102438793453154,9.891624492798623,-0.0040023214923775,0.0210714945305456,0.1275167188859352
11.14,-0.0195187725481705,0.1676310870412025,9.98075284363278,0.0892349898676378,0.126819327816451,0.1083148081006579
11.16,-0.0097061263839239,0.2028344575966904,10.092445041278344,0.1368004835492122,0.2000924050417677,0.0855748527252349
11.18,0.0258251313183382,0.150235188336641,10.213301736046612,0.0797122948444435,0.1670063141586246,0.0064756327301945
11.2,0.0808987734675981,0.2354575831813055,10.306224937968931,0.2594600391581824,0.1596789069657474,0.0021830941177679
11.22,0.1110138100141723,0.2030913748448958,10.278778343268998,0.2737791128027201,0.1682658701747927,-0.034263969396298
11.24,0.1019182339796089,0.1224136988590561,10.41924448221007,0.3616449456688476,0.0993687899448801,0.0038603987392935
11.26,0.0610843671805153,0.1550802210823157,10.373616724839668,0.2983579135328206,-0.0414836387141093,0.0003282630753714
11.28,0.1393082817902849,0.2026619229652072,10.428871075276277,0.2201597868521517,-0.1852961312970732,-0.1057450736913665
11.3,0.1214034261652486,0.1806454227435361,10.336149429083331,0.2403934340016277,-0.1957450096540875,-0.0499529271427996
11.32,0.0622825816087847,0.0909684199456555,10.280093302090297,0.1062408487828254,-0.2720507655660569,-0.1149143841339382
11.34,0.0198716557628947,-0.048938052524889,10.064554588291037,0.097006497228409,-0.1750081643385181,-0.1385594153563116
11.36,0.0595157570222118,-0.0099513748104593,9.97399683382496,0.1280583813498154,-0.1088159039753531,-0.1259773013275095
11.38,0.0194348508594276,-0.0352428020802824,9.798094104537864,0.0177414924576841,-0.0534775171547739,-0.1555189266153822
11.4,-0.0849396863271818,-0.080841677881304,9.689540499414958,0.0085254419056147,0.0618235385521275,-0.0688785142334835
11.42,-0.037863305116671,-0.1112534065193208,9.655819517320724,-0.2017374894962549,0.150256254268078,-0.1022736066678341
11.44,-0.0415376440697071,-0.1580445424981831,9.546537920855569,-0.1760413738864661,0.1958913366695382,-0.0429921011548352
11.46,-0.1170156418131777,-0.1965577667730818,9.310407920327036,-0.2398683323857595,0.1397813799132715,-0.0915401481865946
11.48,-0.0762604959774926,-0.2302555528740416,9.262570122867947,-0.209465567727434,0.1637950290113575,-0.0717282564723356
11.5,-0.1678467758924045,-0.2914530265328541,9.225556306621714,-0.2516788164802141,0.1380491993718108,0.0627674326031772
11.52,-0.0328040559137086,-0.1662794300483995,9.231600116604588,-0.2667274752385365,0.1139402003603585,-0.0899381432390921
11.54,-0.0366486433166936,-0.1513276560355007,9.117732631405184,-0.2200679258047906,-0.0681866746153967,0.0780030912394479
11.56,-0.1060587609608097,-0.1019367738692324,9.15925263044961,-0.2987030382013128,-0.1056603634644424,0.1183673897536156
11.58,-0.064886873027628,-0.1592644016129465,9.32612376767613,-0.1824247279937091,-0.1411078457706992,0.0939784364618931
11.6,-0.1889508088828632,-0.0180012507599409,9.291819807996887,-0.2575744393225951,-0.2094367306042825,0.0563733392735893
11.62,-0.1081797031768434,0.0971704567473404,9.475486208711596,-0.2051308479790149,-0.1166163635595396,0.1577374453062702
11.64,-0.0443931041653107,0.0433440938410688,9.629879641481718,-0.0514751458981957,-0.053345098253809,0.0793983864801641
11.66,-0.0611393316241369,0.0793083244111112,9.775587215179891,-0.0978350785788221,0.0389741188789051,0.0644266107405252
11.68,0.0507423830436079,0.1366141683192926,9.883049448695258,0.0737059581571728,0.0823299247646807,0.0794517572642083
11.7,0.1366772818058668,0.255380507349169,10.002586895658428,0.1155030254914676,0.2549162836686124,0.0644679616328985
11.72,-0.00210384105879,0.1273471912813339,10.182589912461877,0.2237733211707688,0.1561016328531043,0.035022103516864
11.74,0.0318781415315572,0.2043604359155854,10.25676816673319,0.2182817369597062,0.3054306011375817,0.1230336725175511
11.76,0.0987907938824487,0.1599939608541323,10.289759421704142,0.263857573715633,0.2099203056716535,0.0106003165237405
11.78,0.1764079863267184,0.1682152680889211,10.376999218244537,0.3130197863514575,0.176298235998192,0.0270195768009296
11.8,0.0386839572158319,0.1787113309686493,10.417974488189774,0.2662755410254924,0.0090647589857779,-0.0659095425170082
11.82,0.111120400536134,0.2249513557163876,10.477923428597292,0.2606954678878496,-0.0219649868132513,-0.0147231824320281
11.84,0.1835726632241014,0.2160006955742412,10.394362507515256,0.301244634042509,-0.0691812857765499,-0.0957742117633164
11.86,-0.0009540323372446,0.1103075045502859,10.35053139322801,0.2434373847586243,-0.2429660393647656,-0.1167815614884879
11.88,0.002547726401134,0.0265416969408903,10.169076750645573,0.1794378643650628,-0.2068885761947729,-0.0800585100472219
11.9,0.0269950370871301,0.1251679076230856,10.062843059148284,0.1403868972456327,-0.2759282195119636,-0.0347820547453393
11.92,0.0012657729089625,-0.0657142792180901,9.95200216166975,0.1616135560471157,-0.1139515748347189,-0.0741820827716186
11.94,0.0456544962056597,-0.1155020888932109,9.822967958575958,-0.007077624883062,-0.0608727526432495,-0.0744176763539637
11.96,-0.0054193199064851,-0.2138716464004486,9.644584916724694,-0.0761078983566819,0.0580402002365645,-0.104952292451871
11.98,-0.1278854696658261,-0.087124492390471,9.628472481225524,-0.2027843112842839,0.2902439728578129,-0.1088051979941131
12.0,-0.0330080050842063,-0.1323264195447089,9.49149643051246,-0.1784532225955963,0.27610147859889,-0.0413446675127832
12.02,-0.1043020824413925,-0.0744500909156674,9.332165278493266,-0.1934312386588105,0.1261199083042989,-0.0938174336913361
12.04,-0.0245067617964331,-0.2694663438168395,9.302710796589722,-0.2228774621464418,0.1939060949191339,-0.0053486854941489
12.06,-0.1279175407051732,-0.121542693916564,9.23191597485023,-0.2842036115684551,0.1406711946801157,0.0357131963177128
12.08,-0.1317597114191707,-0.1754989544010204,9.236417715462215,-0.2519951631381326,-0.001829493229641,-0.0458383574157827
12.1,-0.0711721445326423,-0.1141355440274155,9.143412293386504,-0.2581246551245947,-0.0647095303790064,-0.0159841433230883
12.12,-0.0533777931452451,-0.2043960686686425,9.243572242767575,-0.2189248403016626,-0.1337035131008836,0.0130058682506356
12.14,-0.0577517302902777,-0.0099539667813834,9.316157882682184,-0.1912549626873856,-0.2590349264465677,-0.0135576329819191
12.16,-0.1489854620261851,-0.0011362858222387,9.442948528038912,-0.1156178786654717,-0.2489036565458813,0.0527741145194516
12.18,-0.0190562640657366,0.0025497030304947,9.492830203568,-0.1463586165147599,-0.1546530142213882,0.1538861317423295
12.2,-0.0765843913002058,0.0814791534655942,9.525789531496963,-0.1409598682675329,-0.0913806084212561,0.0445795389960956
12.22,0.009250796035079,0.0531693144161945,9.730836956849853,0.0256469085512686,-0.0454769994068188,0.1662282243610274
12.24,-0.0512157237185126,0.1000339022365698,9.916773589023098,0.0989406536204598,0.0385559263747468,0.0763132823407709
12.26,0.0637536654764812,0.1368231351458203,10.051819559871136,0.2028124439670412,0.1463613136636595,0.1967123789236374
12.28,0.0204630845540916,0.0901972674394684,10.248945584748013,0.2464436071168661,0.237383875415818,0.0453083865990123
12.3,0.0129195917645526,0.2394451897441965,10.29144526769838,0.3284275956259644,0.1926331615983945,0.0565433014837612
12.32,0.1250751492392462,0.2594568830702191,10.340381368452332,0.2991451262617053,0.2414499385059585,-0.0006708316506164
12.34,0.1092453993753048,0.158146937394347,10.381359475909733,0.3029300494713334,0.0571249447411706,-0.0107351389769185
12.36,0.0692932643507367,0.1941177012171772,10.455161795630776,0.2307271571948574,0.0146815091614099,0.0681655623312551
12.38,0.1702857548078726,0.1379213444030327,10.356855351533046,0.3085852637961622,-0.1005898876538561,0.0025261232647438
12.4,0.0684500841681149,0.1343998934212005,10.335882042092583,0.2438229478962403,-0.1247046012345017,0.0088629598023654
12.42,0.0802342269122087,0.0473842057137691,10.217310153275058,0.2464620303126097,-0.2334057406941944,-0.1275654263585348
12.44,0.0762148085130002,-0.0086440008631591,10.247560119209188,0.1910330677026935,-0.0990837370139511,-0.0451048074988064
12.46,0.0127282799586628,0.0430852097380963,10.081894406840645,0.1547214094377872,-0.2417883065811246,-0.1385126909926605
12.48,0.0459838907649347,-0.0572729216400068,9.899186291769432,0.0624146928078894,-0.001649141346175,-0.1643186129303003
12.5,-0.026672617358236,0.0052203398218335,9.794277249484088,0.0467510095366298,0.0044994234554408,-0.0880616930573222
12.52,-0.0430089922057484,-0.1304903377244998,9.690920081590688,-0.2034389439285667,0.1150443824175315,-0.086025770608087
12.54,0.0244205553250739,-0.2092645063166956,9.525194594373328,-0.1216350512373872,0.2239839315819212,-0.0872732358416796
12.56,-0.1147984387546915,-0.1234660964041601,9.396661652139953,-0.1281829194295816,0.238336699471942,-0.0419683095253191
12.58,-0.1992678597601363,-0.1657101306820662,9.295513256418817,-0.1423841042181746,0.1578250021932818,-0.0181076454273496
12.6,-0.0099358554960071,-0.1632943386063678,9.274051863482445,-0.2348500488205525,0.1841071263182883,0.0309085378031776
12.62,0.0297395852735308,-0.1323249833360189,9.195736411898553,-0.208936285941331,0.1762488148303881,-0.0807178609074973
12.64,-0.1202555676928482,-0.2069375729365465,9.177359486739574,-0.2915295134732077,-0.0493906046967082,0.0763574162608464
12.66,-0.1940050753224766,-0.1542233467208222,9.150217872498423,-0.2913463910780491,0.0140054534354016,0.1177654741871512
12.68,-0.1049083412249236,-0.1224631479854611,9.2675771743356,-0.2416816450839916,-0.1410282726757469,0.0265268207864014
12.7,-0.0913624717696124,-0.1386556560380071,9.32863088239493,-0.2313136869772901,-0.2181188387417506,-0.0196821851787899
12.72,-0.0702892218205734,-0.0437494582245731,9.419159403951138,-0.2214969627092497,-0.2377407969970675,0.0102240942113276
12.74,-0.0971069601954208,0.0813548251397725,9.561313185278468,-0.1500746865045803,-0.1620146298676346,0.0679180280218139
12.76,0.0090070590723831,0.0707680131713837,9.71757412482815,-0.11552063945813,-0.1760386499209653,0.1986925847537958
12.78,0.028738378308638,0.0329625064919437,9.850156330863026,0.0339578833762634,-0.0107133598169854,0.1008224189384889
12.8,-0.0498512922744798,0.0587299118170365,9.976850357343904,0.0751765567744803,0.0832043726275624,0.0659991102752724
12.82,0.0809178226468932,0.2490617162981903,10.063714402441107,0.1198596523485415,0.1095471676878158,0.0545435319634896
12.84,0.167339845254239,0.1821599374746347,10.159883660144606,0.1657826006289688,0.2347294485867916,0.0101081348508551
12.86,0.0887547151089406,0.1656479150441618,10.228744408856404,0.2657229127712444,0.1807660434140058,0.1035192997897713
12.88,0.0746578591586664,0.185573077348217,10.319486878205648,0.3135947608167788,0.1157128962409132,0.0356872063354119
12.9,0.0911285643524928,0.116509322219405,10.390354855194042,0.2381604753933475,0.0573582137835081,0.123729606946694
12.92,0.130691785612487,0.2429326333442576,10.36025937750173,0.2354026083033958,0.0026900125602054,0.0276414515543289
12.94,0.0100045836079664,0.1247769555538715,10.384031840255837,0.3373399894310328,-0.0970635798038028,0.0154126651738737
12.96,0.0964486577923603,0.1780932581122618,10.281101901965378,0.195930706006056,-0.2011679342435416,-0.0591756347536672
12.98,0.0559019406004697,0.0720093616071719,10.169501233991312,0.2536497559119551,-0.1918096114373081,-0.1202100924839701
13.0,0.1511697758770495,0.0970699345844307,10.193641457418725,0.2571810356254422,-0.1927451011373434,-0.1245807484539538
13.02,0.0304287299934722,-0.0067092638207863,10.011103470334028,0.198373840220817,-0.2010350161350216,-0.1604855319310412
13.04,0.1008966864535034,-0.0210239872338946,9.863162152723971,0.0894005472241869,-0.0833538193102658,-0.052936697462016
13.06,-0.0602114667070775,-0.0686280558582633,9.715161052027266,0.0203671803121746,0.049039256491288,-0.119119455022896
13.08,0.0020677647884069,-0.108987145376709,9.657380637426124,0.0307097918546246,0.1336418389870852,-0.0485777401790052
13.1,-0.0322053542206102,-0.1511837612570193,9.57969318111237,-0.2612458853752036,0.1573673684802337,-0.080834947889008
13.12,-0.1100535491366644,-0.2000632630626527,9.380239186489142,-0.2230203440343077,0.2325609018433006,-0.0892350323309403
13.14,-0.0727641193398715,-0.102889904508829,9.29941828083656,-0.2024771827613255,0.1396003323293415,-0.116237412090654
13.16,-0.0318817788418658,-0.2441283337630611,9.298535267893778,-0.2943875124424355,0.0930806020501028,-0.022896272904046
13.18,-0.1148581796351168,-0.1885587757267978,9.117466148257364,-0.2340168678320088,0.0516259737967568,-0.0271953673418278
13.2,-0.1844008053013153,-0.1684052011445341,9.29952739508867,-0.301375721543991,0.0498116600914948,0.0513882483507026
13.22,-0.0967303202256098,-0.1207852610950977,9.347091941705894,-0.2809693436883326,-0.1011162880199444,-0.007268607546782
13.24,-0.132139530206578,-0.1269600358210164,9.142572870727282,-0.2747888596131541,-0.1852736217220196,0.0800781228296812
13.26,-0.0908683586690113,-0.0489540558582061,9.35261696813926,-0.2473794831478545,-0.1220198217683022,0.1495757016232295
13.28,-0.0608062833969314,-0.0290426849560259,9.42369127893047,-0.1975361828954087,-0.2012127102514989,0.0959810554958289
13.3,-0.1220950660692433,-0.0545578449741481,9.56588667984396,-0.0968790509635636,-0.025172759321437,0.1322422212259193
13.32,-0.0958054758781092,0.0689075218830179,9.688945393046753,-0.0837959250273694,-0.0849724724964429,0.1274596867826704
13.34,0.0316360223290699,0.0538055201096211,9.88578403824073,0.0702582858329452,-0.0205413186384122,0.1946204642519374
13.36,0.0035682233492171,0.0569737040390632,9.972596453597808,0.1217737707032445,0.1051356910827494,0.1140644755593564
13.38,-0.0778748969274519,0.1780752438583499,10.05662856027146,0.2060577825392212,0.161582537892055,0.1213902843060588
13.4,0.1076969124232759,0.2144407230575017,10.20211900549246,0.1489179139789575,0.1592193468681902,0.071083061316343
13.42,0.0966780776832935,0.2255142760016881,10.32409675136561,0.1642049424194223,0.3151141452748128,0.0169681348646804
13.44,0.0577391530438361,0.2265232841282718,10.301411299085698,0.2800893949553928,0.14913370187712,-0.0247675964127311
13.46,0.0332046320167531,0.0904249209014432,10.311965170969492,0.4420784583869716,0.0778028657870425,0.0771252323502971
13.48,0.141403755730034,0.0983634290993469,10.49731730552767,0.3621505216476801,-0.058098575151903,-0.0592030882222017
13.5,0.1125731827575367,0.2359720668620374,10.33851257579167,0.25759463946321,-0.1464405196957526,0.0063915255516764
13.52,0.2048827797535701,0.0488225598499955,10.307648344370223,0.2784836035796663,-0.1251803275011012,-0.0306431218589605
13.54,0.0930403324250372,0.0904571574908326,10.212295644641465,0.2524720528385552,-0.283649983157606,-0.0234760633364942
13.56,0.0740245917365272,-0.0187521173000632,10.155240993244668,0.0954988919836363,-0.2401914581637011,-0.1094884051333753
13.58,0.0261178958120229,-0.0255364362075888,10.09542525005926,0.1718741704040838,-0.141776617594265,-0.1334098814895481
13.6,0.0533721167164722,-0.1047936830803704,9.90419663222506,0.029228763728251,0.0178143878487356,-0.0802928782264596
13.62,0.0212180885772856,-0.0849390658761986,9.66386471371227,-0.0346425566857591,0.0212161474544098,-0.1141121853585056
13.64,0.0304918894475382,-0.1403048201942034,9.538227662765244,-0.0950938499704716,0.1423936374026327,-0.1562612473297881
13.66,-0.0785836089279942,-0.1961890056791896,9.464946983256874,-0.1003253820229954,0.1801547187996584,0.0118268289375484
13.68,-0.0920353706270814,-0.2440609531621212,9.364998358144035,-0.2485540988497203,0.2647971294876035,-0.1107239760190574
13.7,-0.1083879510958008,-0.1861825928691768,9.20730568122146,-0.3386468778898281,0.1017292595825568,-0.1032643150971499
13.72,-0.0547589675303371,-0.2580587878957641,9.275172724473004,-0.2667493961228577,0.162336432444277,-0.0453887428612669
13.74,-0.0244424090371643,-0.1638423863964159,9.14951718579392,-0.4002662974646592,0.0349092057027439,0.0513572899705481
13.76,-0.1223031557094661,-0.032249699809459,9.278498291794282,-0.3131385729127802,0.0013900575061027,-0.0970511136688348
13.78,-0.1155377399789408,-0.0660894696241578,9.325237308324567,-0.2235534462749178,-0.1665023775631579,0.0917761351810717
13.8,-0.0687289313567112,-0.0608982884865452,9.280990568067184,-0.2243436824751665,-0.1797457570000631,0.008009004425085
13.82,-0.0825530719805295,-0.0593813619522759,9.400358650141603,-0.1586771876533894,-0.2051095443863974,0.0843798297263417
13.84,-0.0049147803391368,-0.107516753233708,9.423297860919002,-0.1265348207282527,-0.2288900583962772,0.051299100093278
13.86,-0.1446832255116753,-0.0316325998617578,9.63861765043962,0.0242336414970015,-0.185606710186276,0.194305673199574
13.88,-0.0513714238309655,0.1419254900783808,9.71487334991756,-0.059520495838203,-0.0689625641960356,0.1057261060302476
13.9,-0.0265874933416411,0.0776392730410038,9.82083817405917,0.0575065539197096,0.0562345338827237,0.0638068926143859
13.92,-0.0815535083018575,0.1155385160455128,9.99231900449205,0.0814868533917167,0.0915655810986578,0.0788188196735036
13.94,0.0064575124549849,0.1679251726763575,10.104549207620284,0.211758367516019,0.1665445563727892,0.0882346577492996
13.96,0.0262730966964949,0.1398348368892278,10.215927444782562,0.2130139636638489,0.1055680268039392,0.0782491609693899
13.98,0.0756974328934241,0.138498741351259,10.361999988857011,0.3432002408302991,0.1579257492628026,0.073382077554216
14.0,0.1507539462125279,0.1940325469687086,10.331368530145305,0.2587761571184453,0.1687363827897515,0.0308314690533809
14.02,0.0873603283547819,0.1386850456504662,10.484431315474597,0.3691964090288004,0.0702636280935673,-0.0600730011753594
14.04,0.0475054565561073,0.1235793692291634,10.328023873776722,0.3267954042361936,-0.0589364839548254,-0.0307924126135476
14.06,0.0905851671849844,0.0907560147031204,10.441368879132895,0.2786756292826337,-0.1210197372361446,-0.0053082691292829
14.08,0.1355182709916482,0.1185052276400223,10.247532008422152,0.2763008866517386,-0.2264284611466008,-0.0891817019677695
14.1,0.019656769787125,0.0386458007009283,10.21067760193039,0.2184273511550705,-0.1183834115210847,-0.0392577987572209
14.12,0.0048335759675028,-0.0033718004109976,10.077664115307552,0.1688846945033164,-0.0706486256082081,-0.0848064350713934
14.14,0.0576316061214138,-0.0095742924367323,9.961038515369324,0.0787689208183883,-0.1052126082900496,-0.106373462312989
14.16,-0.0035441252337476,-0.0894935707830883,9.885263945134533,-0.0124813837193724,0.0994891739789268,-0.0400086953990818
14.18,0.0173516756233999,-0.1350767389378643,9.784855986389,-0.0618212327343479,0.0253991977386325,-0.1857717466930057
14.2,-0.0374947948582335,-0.1302411383351457,9.638651503636972,-0.1945946147028171,0.0743554591822928,-0.1267436935020572
14.22,-0.021643712508198,-0.1451196871884484,9.43939581390685,-0.128083268111398,0.1513846007866178,-0.0207318242789034
14.24,-0.1255052174378501,-0.2015537642213211,9.36670489070532,-0.2830121338162281,0.1882522085748846,0.0239691773455749
14.26,-0.087622608006365,-0.1959464431879884,9.238785853514871,-0.2719374791626399,0.2871086587988825,0.0650268900787542
14.28,-0.1063866796198957,-0.2346550156178366,9.175309410960836,-0.2551542846311619,0.0952209129765525,-0.0259841497300814
14.3,-0.1605972190480337,-0.2242249985209711,9.143868917656604,-0.257438182673486,-0.0179161439273441,0.0166158170278468
14.32,-0.176842491814221,-0.1191278185373672,9.186109768126077,-0.3847383801042218,-0.1091116649403175,0.0571351078812727
14.34,-0.0582202689197134,-0.1037040624125752,9.257433957450068,-0.2821155658115933,-0.0835288883576007,0.1017316731600926
14.36,-0.0991815441826183,-0.0651354753981239,9.21460569158211,-0.2219145402427172,-0.1387330197631187,0.0734118670759633
14.38,-0.1177152008257908,-0.0313287156557852,9.398075194410415,-0.1972027547671567,-0.2229961714216817,0.1209015607147222
14.4,-0.0529843142563372,0.0017791994995912,9.586749051766454,-0.0773223543468345,-0.2626547909042585,0.1106193580266129
14.42,0.0291057493157309,0.0791571496927503,9.692324392143302,-0.1229759256509327,-0.1614646032277293,0.1223139642540269
14.44,-0.1190613240865748,0.1337007312263611,9.740594205265795,-0.1175253519634459,0.0659898489047272,0.0539552338155976
14.46,-0.0573296285976376,0.1706858944310472,9.835170189921032,0.0930232185310121,0.1033689788623811,0.0819957474841091
14.48,-0.007006955411042,0.1518901750554109,10.05781571542557,0.0905577940702394,0.1473348737554997,0.0658847248326956
14.5,0.1318374685652624,0.2500883356587144,10.0367997388651,0.0884085458084379,0.2836529619165815,0.0214569267585696
14.52,0.0895544872195741,0.2067634018081052,10.30805853423579,0.2183497946925041,0.296008598779907,-0.0169216856352488
14.54,0.1265949846665572,0.2316089858342231,10.318695362966814,0.3262152667270727,0.164322199741095,0.0258890182869248
14.56,0.0395301179270161,0.2085556288322627,10.470793999328835,0.2264518607593482,0.0998460523005647,0.0128900343071755
14.58,0.0439521535005325,0.1913560656935365,10.313225409305533,0.4165866394895399,-0.0140369730000107,0.0090208720683872
14.6,0.1206194109090046,0.1176529553549078,10.435279661697606,0.2527920954917744,-0.0878550749111862,0.0090487605834361
14.62,0.0944378338088636,0.1570747535306576,10.34411926173184,0.2789228944925612,-0.2218188722616441,-0.0308845313910762
14.64,0.1075936394302932,0.2256227776600272,10.264387664348918,0.1795134745688803,-0.2662236766126796,-0.0726360571822817
14.66,0.055322046610523,0.0217223696493283,10.119741403681068,0.1961973059056376,-0.2834701322868697,-0.1220005668899875
14.68,0.0598651723848815,-0.0009454689985558,10.105535311708488,0.1311865670985167,-0.1090509997974682,-0.0449601900062928
14.7,0.0327749429617397,-0.0715337822999045,9.98302080153775,0.0001322710328983,-0.1744208459659668,-0.1019494269773335
14.72,0.0414013789985787,-0.1158450745464067,9.90433444736429,0.1488303770805429,0.0874492512993589,-0.1216579086786755
14.74,0.0203794160457843,-0.0517834326097193,9.730576524834396,-0.0846798526052522,0.0417558388074645,-0.1073082193590884
14.76,-0.1224311578189155,-0.1936439167134619,9.521679884956251,-0.1490358021632825,0.2377177714863435,-0.1276478144362356
14.78,-0.1731564575365043,-0.2065376841923017,9.385048692202355,-0.133927295340702,0.1748236106233824,-0.105932736035338
14.8,-0.0269640543950044,-0.2757319062205938,9.2692674826584,-0.1404412286653159,0.1181481115997128,-0.0918653146393773
14.82,-0.0299978877520288,-0.2377577885882032,9.33735636279122,-0.2118305838451619,0.2245023418774523,-0.059205192509028
14.84,-0.1481943242671339,-0.2786341395302071,9.178112246037308,-0.3515485260257304,0.162009253505964,0.0091378481385305
14.86,-0.192983874747663,-0.1451173154593409,9.274058866926277,-0.2892808627864116,-0.0402765309246771,0.0190989994386936
14.88,-0.092775071306459,-0.0112135070426269,9.23989272790219,-0.3872490611897069,-0.0994577295285344,0.098537581356246
14.9,-0.0439407939290761,-0.136320134999677,9.273598912600084,-0.2263628616736898,-0.1993924453832031,0.1031643837621064
14.92,0.0112508829080529,-0.1621009644238346,9.312883525090008,-0.3176459365675114,-0.2003526813058194,0.159607049970761
14.94,-0.0369542575239986,0.0094727262802617,9.456418828875686,-0.2284674745676753,-0.1900621673415971,0.1058041541402429
14.96,-0.0622974114943767,-0.0268277133834137,9.53695700186761,-0.1312948051968415,-0.1748268393830916,0.1170957862753142
14.98,-0.0670836071741826,0.1190467389114569,9.646976878856924,-0.0450309002277677,-0.1783677230997342,0.0730818983968006
15.0,0.0005725645835313,0.0817836553313409,9.834800239332402,-0.01304673116977,-0.0290439657545066,0.1413007448747749
15.02,0.0074638409006739,0.101215051510066,9.927363851108565,0.1432354121214544,0.1225990915078837,0.0646468407765035
15.04,-0.0070418186213461,0.1540627265118886,10.022352721053627,0.1672967091048978,0.1468127092975316,0.0164177489375575
15.06,0.1652069186722333,0.2227019782727655,10.206606155547446,0.2205436460904174,0.1790815933355523,0.1541623997690909
15.08,0.1678872633172676,0.185879107351584,10.268573776500538,0.17441648454175,0.1477875193313978,-0.000673118422599
15.1,0.1472851394243728,0.1748017466515039,10.367341732067498,0.3564165106170743,0.1236000800952803,0.0645205186362883
15.12,0.0516842924663633,0.1819134371304703,10.36366788122321,0.2530271798565334,0.1533225215277492,-0.0228158576494641
15.14,0.1427430706352455,0.1107049990192137,10.339496561288245,0.3868534349104996,-0.0620148819287677,0.0550767771512577
15.16,0.1291444937663628,0.1677122613862585,10.46973273787452,0.3925992727206816,-0.0558748172900316,0.0394975995861635
15.18,0.1115114236253295,0.0245543267188279,10.41363542502894,0.2937852538635696,-0.1579606359289961,-0.0183794312378428
15.2,0.1395345876297667,0.0519122564739473,10.306497193728566,0.2827546277167047,-0.1842169169896688,-0.0014241635010602
15.22,0.0925615869125253,0.0685392111582004,10.145367644348056,0.028233101155541,-0.2296941418173869,-0.0790321860732266
15.24,0.0784382699145463,0.0006165619007068,10.033609449937924,0.1145625535234696,-0.1684391444496198,0.0206981369728034
15.26,0.0518163122200523,-0.0293850793323696,9.988942360603476,0.1150212761503026,-0.0785607423760427,-0.060677243563779
15.28,0.0145265608557698,-0.1035178565201364,9.767230440855617,0.038686484782698,-0.0159844845944992,-0.1449959969095146
15.3,-0.1140495452021935,-0.0780345733510057,9.61915826588373,-0.1355931330544469,0.1129223400221664,-0.0933779806756564
15.32,-0.0417769321916198,-0.1195879535222858,9.617863817408937,-0.1525600601798369,0.1861398009495877,-0.0964387461921083
15.34,-0.0925151940993998,-0.1643688377750066,9.409382538977646,-0.320935063730888,0.3059725200225689,-0.0887654540230285
15.36,-0.144148746369088,-0.1516411364635652,9.40748107550317,-0.2198204534526232,0.205613859271595,-0.1426474597007131
15.38,-0.0074332862970501,-0.1617514878728885,9.180935700892952,-0.3687387718476151,0.0518904906956959,-0.0209474163491942
15.4,-0.0117789580285834,-0.2123478856026168,9.236536893702011,-0.2381622830792273,0.1317758645788737,-0.0880257804056011
15.42,-0.0319679172492783,-0.2389728214532445,9.303980446376478,-0.2406505987563064,-0.0252588931873918,-0.1225013457591268
15.44,-0.0837774930405339,-0.1234114961410434,9.222258553932978,-0.3133328323703079,-0.0001283721803057,0.0088834685728234
15.46,-0.0206978665958629,-0.0824187201837712,9.257425039525636,-0.238623571407783,-0.0925729572138947,0.0092757105469204
15.48,-0.0748224790435197,-0.0149031763278801,9.289061575678414,-0.2371303504238586,-0.223355654324908,0.0225817249435171
15.5,-0.0486386613843591,-0.0724093996082757,9.501446001346274,-0.1642401559370011,-0.1541161640654732,-0.0742530980807819
15.52,-0.0938109352068203,-0.0257775641909198,9.52666939576564,-0.174775071213321,-0.1737595623649786,0.0494810409389342
15.54,0.0023472593274134,0.0866806336927347,9.690245736645329,-0.0213822865305903,-0.0687940433141725,0.0897743401942852
15.56,0.0080437282391968,0.1010243587200239,9.768421476918226,-0.0669859660572929,0.0538715836879367,0.0681659986557971
15.58,-0.0378374122899916,0.0458636181607495,10.041615891315262,-0.0096109274612743,0.1606849362945813,0.1155699509712754
15.6,0.0456155118193408,0.1873358933038631,10.146796469997309,0.1384296863971624,0.2136258765447129,0.1572637004281649
15.62,0.062614708550584,0.0957995815074249,10.19802788299989,0.1892413962497093,0.2024717436996426,0.1004124865551776
15.64,0.1715119834039498,0.1513988114938029,10.232096103650962,0.2585168617427411,0.312769302182635,0.1090769850473268
15.66,0.1372183871091159,0.2663655531512716,10.431841676562804,0.2450477875385198,0.122278973633418,0.0934342440346034
15.68,0.0992408663753599,0.2800181087343124,10.373714980172362,0.3902903665516394,-0.0161713096235195,-0.0346793218338463
15.7,0.1122420383328813,0.108366676481317,10.343555795016089,0.3074382679974537,-0.0958016114733235,0.0156766826813793
15.72,0.0980627978069477,0.1244377218916407,10.2870071727868,0.2992006256310248,-0.0355784828407336,0.0212559414212765
15.74,0.0768726762271756,0.1076175296802286,10.28981199620703,0.2709168202712113,-0.1753379772310689,-0.0710707580572523
15.76,0.0196299518664036,0.1537527175167661,10.16977596428841,0.2713994286548578,-0.1912738469259296,-0.1070646133136163
15.78,0.0491743010323275,-0.0040428916953457,10.109220327649904,0.1989815554622452,-0.2139919824875364,-0.0558329368020217
15.8,-0.000492457564157,-0.0483839820494084,10.058095168295695,0.1325382607908196,-0.1595445451506997,-0.1670590921782088
15.82,-0.0474932180340808,0.0090063703529696,9.871365345273697,0.0818668819795091,-0.0987631093628748,-0.1532654036271059
15.84,0.0180284101745842,-0.1275732443970396,9.772588585788933,-0.1138287735107369,0.0536026584906526,-0.1330537074052331
15.86,-0.0101409251610436,-0.1075829067131917,9.585608318077156,-0.1784548570024052,0.108584793948503,-0.0729607438181282
15.88,-0.1396976957319793,-0.2450887260795008,9.50108453233676,-0.1548898977557984,0.1957870198240736,-0.0754467156415007
15.9,-0.0745889424676246,-0.1986081931611389,9.48531677754709,-0.2152478259127,0.2165772649515283,-0.021278318764535
15.92,-0.0332745206245846,-0.2821592158127793,9.28421815658117,-0.2201882775563321,0.1637215046852479,-0.1017810643669903
15.94,-0.0404717073008448,-0.2509364378250719,9.258624106407018,-0.2792978376278075,0.0602658422217132,-0.0844148364347011
15.96,-0.047754300425403,-0.1450943041908614,9.127446783208589,-0.2680451809862845,-0.0226995926965,0.0124165693690186
15.98,-0.0976677005692443,-0.1689095450490574,9.27832514063494,-0.3611198462210162,0.1163279677897009,-0.0311482255502781
16.0,-0.1373579180279731,-0.1532512820490043,9.205505758775663,-0.2858541834089814,-0.0436483782373268,0.000726503662773
16.02,-0.1399376069872686,-0.1386204790528903,9.338010688779132,-0.3243108337559859,-0.1094491169424286,-0.0413942885844373
16.04,-0.0548006572512732,-0.0709479095960645,9.361655570279307,-0.1967498107478034,-0.2335882348774625,0.0839076306519593
16.06,-0.0356754329551717,-0.0005391054282023,9.502742360210462,-0.2578325561384555,-0.1825727478360331,0.1608173275950206
16.080000000000002,0.0299022632628036,0.0786658834940584,9.626764867455853,-0.0859773720253049,-0.1701793319330407,0.0424089399503691
16.1,0.0424656591606759,-0.058126361238141,9.702178042885796,-0.1110499391141403,-0.1153420821912569,0.1502966507174537
16.12,0.0034247386585622,0.0714280648940384,9.91481235069882,0.0109321247942728,0.0105033200840939,0.0965251726486325
16.14,-0.0301159329623231,0.155098338169487,9.954616922684668,0.1410294675146235,0.187895307710398,0.006439098578973
16.16,0.0365621331455841,0.1688313611988625,10.154001488978151,0.168921388418308,0.2208055531764501,0.040363105398063
16.18,0.0811265567204107,0.2117211593044229,10.202079717170982,0.1285119797534384,0.1514818087596621,0.0233302010807403
16.2,0.0743286302807309,0.2129483170501299,10.32407465273281,0.2196786854159023,0.1652246079853311,0.0377562902408688
16.22,0.0654043481854025,0.1821794547939655,10.342694671418,0.2078282344940158,0.1629944308549797,0.054257668874637
16.240000000000002,0.112005371800496,0.1588737787030978,10.398665585047336,0.2133454681757436,0.0163055824305004,0.1037317803494174
16.26,0.07416324398147,0.1512988707745238,10.342432101227416,0.3039665519627004,-0.0408748399482487,-0.0828429282332747
16.28,0.0628957494030179,0.1910350896783973,10.37817217077016,0.310912077945865,-0.1054458999048978,-0.0575208242982975
16.3,0.1000054342653737,0.0602152861859697,10.30880614704919,0.2753286736863898,-0.1614188829009965,-0.0983817221434348
16.32,0.050165367973425,0.051960660908023,10.194582304175688,0.2409263316836433,-0.1872769374562489,-0.134552540795393
16.34,0.0647226824450475,0.0197462325834495,10.112353379657266,0.156956846444099,-0.2114531435193791,-0.0803270638489906
16.36,0.0457545621233275,0.0435358265604682,9.999266389692725,0.0826135720046657,-0.1491347889148633,-0.0946358309401319
16.38,-0.0469352785694568,-0.0928012601850586,9.829399176247476,-0.0235449518977499,-0.0966244886789144,-0.1901852190522734
16.4,-0.0365953795496977,-0.0691867442466882,9.718362131074953,-0.0596039536568064,-0.0283288522421553,-0.0983039437341749
16.42,0.0374245546783691,-0.0889021507904699,9.542936649050532,-0.1694602962186704,0.1236737552293848,-0.1541431854109435
16.44,-0.1127434103101409,-0.1793954097100925,9.589450043907492,-0.2061765803766256,0.2238612152535424,-0.0831614180474656
16.46,-0.1778636249373169,-0.203473098785393,9.420770518077669,-0.2116463639444691,0.1308437748204206,-0.0058905059209762
16.48,-0.1788449232814906,-0.2162898616812516,9.299138711565387,-0.2631483012351412,0.1901069074932042,-0.028290555324354
16.5,-0.0936501543006817,-0.2093474073199082,9.287971736596743,-0.1320805529938069,0.1567886111276655,-0.0220258447171406
16.52,-0.0980674970126822,-0.1405495253552251,9.10335721067991,-0.366129862618202,-0.0568320766460106,-0.035223407525244
16.54,-0.1049266853409212,-0.1490797993553339,9.07783915769031,-0.3033933637505846,-0.0681194421102746,0.0171224116107021
16.56,-0.0327234027992372,-0.1180510805519833,9.21943808143853,-0.3514852882971732,-0.0508918634639221,0.0638038989836962
16.580000000000002,-0.2167013115747267,-0.1486483924672876,9.232714253302415,-0.2685680635572371,-0.1574183904790268,0.0788958787892413
16.6,-0.0486580168713279,-0.0986265890944547,9.37744146022037,-0.2227187908843665,-0.2931282031387688,0.0679359245514637
16.62,0.0277095899266023,0.1016155432551516,9.508108911048287,-0.1088429591790721,-0.1411197778133252,0.0972611579162291
16.64,-0.0860931964022894,0.0305303010377397,9.667795775970808,-0.1115958014340073,-0.1508406295367686,0.0296583634725602
16.66,-0.0265230061422882,0.0436529905925212,9.69789071746948,-0.0321640216611885,0.0045202286804855,0.0629990512871744
16.68,-0.0226220369493555,0.1927190087944732,9.910116887780458,0.0235517786126153,0.0249042279853673,0.1342431621010907
16.7,-0.0079048470354088,0.1678540835478303,10.02159421626842,0.0403847786025422,0.1342577989651387,0.1350792961575356
16.72,0.0404137946615211,0.2074373252095524,10.157736834972694,0.137575566148364,0.1599886500631706,0.0870331893048125
16.740000000000002,0.1451255759200444,0.187297735481815,10.216519272877235,0.2021570994532666,0.1993846079655588,0.1414815675303581
16.76,0.1788877092413285,0.1840431774401743,10.391267009794822,0.2647464205711766,0.1431413225431803,0.0746737049778976
16.78,0.0790552176497301,0.1870861855063061,10.36993764098894,0.3155039010664538,0.0981019572691305,0.0168455503538445
16.8,0.1950556835460506,0.1120539378478145,10.487525148232152,0.2876781930429299,-0.0337136037026723,-0.0547085856990963
16.82,0.100447418270018,0.1531888231647142,10.352492133840611,0.2833969700632932,-0.0396557421907417,0.0556729459819575
16.84,0.1801922720184999,0.1407528193919345,10.392187691098457,0.1914825041259849,-0.1317657335275731,0.0005379633055488
16.86,0.0769689925890438,0.1804235590111374,10.286820126402285,0.2718885010779729,-0.2694247158837803,0.0321583008042992
16.88,0.0731540780457345,0.0496713863423299,10.183219999627228,0.16500866587278,-0.1490764290939066,0.0337482582327795
16.9,0.0664490910423158,-0.1161778878193508,10.120667971484425,0.181882264142011,-0.1776799830831341,-0.151977683343523
16.92,0.1862378775201094,-0.0490358267908461,9.948812487350915,0.1477075780479076,-0.0969468061804639,-0.1604194543649678
16.94,0.0475887105602164,0.0500299134801903,9.697048324049996,0.0056775441192808,0.018155740631216,-0.2430336912890551
16.96,-0.0528655323951007,-0.081806182422261,9.54184275845612,-0.1036724817308772,0.0853406967529023,-0.0525383266014327
16.98,0.0093125268300727,-0.1974735180431382,9.628796907911882,-0.1182470307054754,0.2023219629006262,-0.0591990503622071
17.0,-0.0768701520834643,-0.1511833734417462,9.5088417715185,-0.1589004757868099,0.1755465271487601,-0.0760127494312024
17.02,-0.0999126472186708,-0.2324410389659769,9.441816218871136,-0.2420514142831671,0.2498137544506822,-0.1269652371274657
17.04,-0.0427990546488884,-0.2676805521832762,9.269748851724929,-0.2928892883994481,0.1722654107295349,-0.0515220776727743
17.06,-0.094983884494769,-0.2118697024522242,9.156139276600149,-0.2614378811151092,0.1261063115524965,-0.0168488758786071
17.080000000000002,-0.0860001515384686,-0.1744294083573833,9.179447124283096,-0.274907928057467,0.0352468197454817,0.035367265076965
17.1,-0.0975294639796042,-0.2480483299890915,9.211198875330854,-0.3120006572349644,-0.0115883942714593,0.0323874771818367
17.12,-0.07469496093182,-0.1794651761403499,9.200503385213196,-0.3572756600493097,-0.1114320047936702,0.0734807083209246
17.14,-0.0589084036152801,-0.0828412797555297,9.401488545226169,-0.2176511861922902,-0.2138516318189675,0.0535839548100495
17.16,-0.1615539427922151,-0.060870782188277,9.523741567040522,-0.2324831481429019,-0.229400541041566,0.1353183457974074
17.18,-0.012629352631672,0.0242357683271111,9.548166118663616,-0.1271569044179306,-0.1657555575231782,0.1204001487535265
17.2,-0.0739699597080031,-0.0115098972828944,9.65024288036616,-0.0670491045655125,-0.134355806874315,0.0375116625778212
17.22,-0.074627966322307,0.1271497668959678,9.72017359381026,-0.1019863999851427,-0.0626584737022822,0.169429437311142
17.240000000000002,0.0170504358585067,0.0698179516626457,9.997147683116449,0.0639670783749011,-0.0281278900974611,0.1592640813741815
17.26,0.0456366082650512,0.2421320809239722,10.052440689138423,0.1500393005667084,0.0733871382557856,0.1142843339211466
17.28,0.0261177215408466,0.0970457463050669,10.150299958696234,0.2142367100739063,0.2923466458222312,0.0934349251141566
17.3,0.1186029171609777,0.1417295515148577,10.286366650099202,0.2370222603875527,0.1636324376642487,0.1466729774187851
17.32,0.0222753840965811,0.2207457425126822,10.3070192780413,0.1692931250478998,0.2554864119652321,-0.0368273217046006
17.34,0.0768159858528395,0.2764258074574208,10.390322798404895,0.3553435729837342,0.1120737021820759,0.0857111259053548
17.36,0.0707483976737315,0.192459702225747,10.327829283980009,0.3205274466382737,0.0025381180068728,-0.0225537309403796
17.38,0.0953974488398529,0.1793412641436172,10.44071523360354,0.2330144706019358,-0.1579053720397089,0.0335581613283163
17.400000000000002,0.1044259194789638,0.1188630404008011,10.337675679422828,0.2320599637318918,-0.153869203776356,-0.0365591367980553
17.42,0.0282341957324845,0.0274431450685599,10.329713102313672,0.2474477401057112,-0.0997171582345235,-0.1239322624794455
17.44,0.0989832700018812,0.0110203395292526,10.16655800788234,0.2222966180521223,-0.1175717875128015,-0.102672220658487
17.46,0.046861695081828,-0.0701140205621555,10.05545947455136,0.106736587177894,-0.1435457537924442,-0.0388540714983389
17.48,-0.0721702365706576,-0.1180148907726267,9.87394658515503,0.1085574986537672,-0.1448565716254363,-0.1079630813446514
17.5,-0.0979295720198518,-0.0757976617548537,9.837987848650906,-0.0896383414550097,-0.0478582672624564,-0.1310742707359052
17.52,-0.0230430407414012,-0.1889647350686014,9.621645545729232,-0.1194041788394963,0.0447935611605544,-0.1288612901684093
17.54,-0.0547599425544087,-0.1469829039630002,9.513409421349492,-0.2343529304873772,0.2211654327954526,-0.0578281540449486
17.56,-0.0679401418077997,-0.2499042778370102,9.42343754252972,-0.2331776655306889,0.2770396465190745,0.0096855213502942
17.580000000000002,-0.080027966040173,-0.1824309878835297,9.334288149902497,-0.1604826704137815,0.2041209883313137,-0.1688301298408472
17.6,-0.079204713271093,-0.2240721102393371,9.1717989215095,-0.1685580040105362,0.1389486267789992,0.0974562932106574
17.62,-0.0503443318644044,-0.1215242405968824,9.202098832584683,-0.2814509136589361,0.1603106410317046,-0.0110133995433985
17.64,-0.1555473494662595,-0.158111813465303,9.239808884409896,-0.3318977736245725,-0.0539546961319167,0.030267810753277
17.66,-0.155761752936507,-0.0860715366218501,9.198104058525002,-0.302571514916949,-0.0893248057442807,0.0018368123450025
17.68,-0.1440503353094966,-0.151672992232335,9.252458557798567,-0.2444854327037313,-0.137165096996863,0.0446625653661597
17.7,-0.0626054909191451,-0.0713111621800221,9.345812356876657,-0.3093030154146955,-0.2395974805045559,0.0733680495814225
17.72,0.0014543391628598,-0.0796243086224795,9.428943799755876,-0.2110040481074475,-0.2248720388362226,0.0269442402479303
17.740000000000002,-0.0630045300113035,-0.0061444098912885,9.499848876284652,-0.0525680205754715,-0.1865371551065997,0.0507265251556232
17.76,-0.1450559902594229,0.0457958968444609,9.678356705508016,-0.1121984976207388,-0.0074383905680344,0.1572138822829874
17.78,-0.0826866335861845,0.063972661849837,9.864781715766302,-0.0299122163300744,0.1057672274888102,0.0223510766603689
17.8,-0.0167828474233146,0.0757467394579992,9.89665513493556,0.0752666489485299,0.1020903613321728,0.11891027127854
17.82,0.0180715416873884,0.0951470471781446,10.057023821898603,0.1520310711616831,0.1498569207912986,0.070287799412895
17.84,0.0442861647942063,0.0696884822020196,10.119152010744903,0.1628665861608543,0.1673451350919073,0.0282088936273675
17.86,0.0820857546361321,0.1452011021540691,10.328009288447037,0.2443183146238566,0.1917916734759943,0.1583870909042237
17.88,0.0759368007209684,0.2306473604266598,10.344526793230653,0.3049693284732445,0.1199915358998015,-0.0074344844917035
17.900000000000002,0.1506957056000393,0.1104497833346071,10.346862368756922,0.3927587664067893,0.0687733984191724,-0.0377669685281516
17.92,0.0661280819799904,0.1033717335560109,10.404186963591512,0.2934746228204376,0.0055962800446073,-0.0131176534430208
17.94,0.05342226590955,0.233974530994818,10.31904897255519,0.2875496258829536,-0.1209902874666726,-0.0645120823340953
17.96,0.1121728995695181,0.0778983792329272,10.27769995928795,0.3410599852294606,-0.1755985829698687,-0.0467513603668063
17.98,-0.0013569654226959,0.085479076343047,10.179544151949072,0.1988171213059251,-0.2073650093929458,-0.0578886107427265
18.0,0.0782631104952469,0.0577091931810324,10.099332189497613,0.1101179240496313,-0.2060894749953369,-0.0691687961557488
18.02,0.0442650258700356,0.013582317716128,10.102691079302325,0.1299245488341149,-0.166134198828398,-0.0982177270987643
18.04,0.0101301814016213,-0.1398013319077469,9.86835791882105,0.106315668946985,-0.0308187544880713,-0.1335645186075314
18.06,0.0743893735394883,-0.1161356921576507,9.793164665224726,0.0029790613060599,-0.0684644584785878,-0.0677035435266353
18.08,-0.058405565816469,-0.2210630621652279,9.594413767691806,-0.0867363635325618,0.1837489189423246,-0.1017874054838156
18.1,0.0548395411160317,-0.0462645921706392,9.548924482827127,-0.2169457708872583,0.1756420582605543,-0.1124115336071349
18.12,-0.0778727592048306,-0.2681644904576538,9.34908877949288,-0.2027220224936957,0.2292231409033277,-0.0005944295875416
18.14,-0.1454847473202302,-0.2510536500309631,9.312157845957776,-0.1832440288993396,0.2248519963360157,-0.0638228683617987
18.16,-0.0890117416337048,-0.2508115272503411,9.247596241392772,-0.3392290161272993,0.1051270359582391,0.0166214205226501
18.18,-0.1524808544367248,-0.2636071816801014,9.324378700296611,-0.3082431419525229,0.0184707941524877,0.0450782058359791
18.2,-0.1373904652335023,-0.1015197994170891,9.232705227342048,-0.3187822551363999,-0.0766801109455439,0.0706626937242189
18.22,-0.0760005139009636,-0.0197849037081023,9.195241725873109,-0.3224417652371018,-0.1216322708382763,0.0630598166525506
18.24,-0.0592392710344459,-0.1292738594919213,9.312142195380812,-0.2486589761749062,-0.1365450966611806,0.0492410593110416
18.26,-0.1048596967485297,-0.130712528479905,9.46440085310936,-0.1990886731446501,-0.2284148230896759,0.0643311962795517
18.28,-0.0073566376603549,-0.1324468306321777,9.378156825999737,-0.148539339498353,-0.156469206482406,0.0701472538386787
18.3,0.0210629326325896,0.0123343449716427,9.537001166260762,-0.1592778539861573,-0.2553054821287953,-0.0153671349118308
18.32,0.0567925289160896,0.0526116364121043,9.698019768571886,-0.1273668614529087,-0.0786866764141662,0.1348055147611846
18.34,0.0340033509090774,0.0762689804431175,9.824341671959653,0.0357174634849103,0.0884019862047216,0.1119391683453155
18.36,0.0978755937619865,0.1547617548603204,9.961587114029715,0.0638165223989722,0.104905225373698,0.1367626677850962
18.38,-0.0436776012351284,0.1909902349646526,10.036962307701785,0.2430025794750624,0.1325795691255929,0.0805422641456863
18.4,0.0525593831614463,0.2062007188534187,10.280926066234718,0.2995896165793558,0.1667631845787747,0.1061381208398168
18.42,0.0397093271034104,0.183373130298035,10.22722710959366,0.3487132594785472,0.0336143132134795,-0.0131877914942541
18.44,0.0993941873020311,0.1430836572985731,10.350586724992844,0.2332931376852489,0.0826122749662515,-0.0228220925917542
18.46,0.0704736816098283,0.2203460268388092,10.446568385006026,0.3256068820461004,0.1074524557290905,-0.1100315509176062
18.48,0.0913054688168305,0.1670399634657964,10.396170922628611,0.3423877086055257,-0.0641347501398705,-0.0155025794466565
18.5,0.1892143956397184,0.1817138712630898,10.321664201431958,0.3232346665657679,-0.1407842685585498,-0.0695279788264229
18.52,0.0772666757983472,0.140686775327458,10.2470822108975,0.2395380996484055,-0.2930488546388076,-0.09661304713667
18.54,0.0927205183483026,-0.0111729975183531,10.220685455131363,0.2800509526146422,-0.2813997841837456,-0.0526327116830137
18.56,0.0430259681772167,-0.0561163465896464,10.089985129748047,0.1639420533386115,-0.1235457755941988,-0.1050281637140946
18.58,0.0382499567152924,-0.0672971091079944,10.017047308489854,0.1097981831991242,-0.0985464882808077,-0.1655279361055709
18.6,0.0128341573782329,-0.1259442433812303,9.805127382752367,-0.0392917025195689,-0.1146099290049385,0.0280268685061569
18.62,0.0123800318135354,-0.0752535348083766,9.780434757933646,0.0021297340232818,0.0084133765242244,-0.1013456327225337
18.64,0.0261710157966369,-0.1295780422606431,9.613211310273892,-0.1093036686207863,0.1201274423889852,-0.1488679831462589
18.66,0.0298522368840384,-0.1188153173077101,9.494387041740856,-0.1343134458833579,0.1189618982224118,-0.1185912212261226
18.68,-0.0547839928844253,-0.1717280063075401,9.4504638570327,-0.19903930594942,0.0997770146650831,-0.0798107161713899
18.7,-0.0549554482484204,-0.1891388236501336,9.271513469780205,-0.2442515488174131,0.1730048911212351,-0.0623449776107611
18.72,-0.1518422790485642,-0.1374363589264268,9.197914843727624,-0.2851828393911918,0.1541687003668075,0.0318262591999935
18.74,-0.103754968172782,-0.1617300715157051,9.176445032270651,-0.2587534064229802,0.0744470181763695,-0.0152571363689574
18.76,-0.0523466578078212,-0.1601688970894142,9.194206885211834,-0.3080280200002554,-0.0010922829127733,0.1040460470807619
18.78,-0.0510006216684284,-0.0595753204907234,9.229657433724718,-0.3556570317405074,-0.2032161353471348,0.0116608072516944
18.8,-0.0738523059104483,-0.091056638673613,9.251868357868709,-0.2248505973319059,-0.1780703150018589,0.0749044815108952
18.82,-0.0259452990014884,-0.0703180273111191,9.277255755469032,-0.2512452671852402,-0.2134067770522194,0.1222525774373189
18.84,-0.02797912754644,-0.0524702848224133,9.456848771979264,-0.2237654811224999,-0.1831293191051153,0.1448570634150522
18.86,0.0279209519322435,0.0696329928855229,9.62542511743001,-0.1473952496492974,-0.1321751412206331,0.1603034413709145
18.88,0.0044317863627324,0.1396383743653642,9.746595886401938,-0.0159418954875232,-0.0729644051332635,0.0858945146541231
18.9,-0.00525159242212,0.1145977069755721,9.935177663629885,0.0327740299145524,-0.1011515452778045,0.0989370071177016
18.92,0.051256355164104,0.2158969021427114,10.104560081102909,-0.0032412745312837,0.1875026433424263,-0.0300977425627967
18.94,-0.0918902841192108,0.0777069448619829,10.165803296613491,0.1447355068676503,0.1995477427979399,0.0739523020741854
18.96,0.091175189308044,0.19016448109116,10.301311447053164,0.2745542687151129,0.1256434051512923,0.1239280394777786
18.98,-0.0966679756413747,0.1978324324736188,10.352854708329344,0.2346932133114243,0.2001148279366313,0.0962857773709461
19.0,0.0089324812592439,0.1602065319874122,10.45612887257346,0.277043127217165,0.0951918101084261,0.0265773433869921
19.02,0.1222017909613663,0.3024545702831613,10.490222847200467,0.350989654609309,0.0140559959741747,0.0937420918015737
19.04,0.122922609433005,0.1573206665836729,10.44183511395694,0.3369128906192227,-0.0930111171779108,-0.0329792932857026
19.06,0.0353114552386652,0.1094290274302526,10.3959163727952,0.3313862371195707,-0.1063558498542325,-0.0714481790723186
19.08,0.0474544878256335,0.0936853226199732,10.288095930920615,0.1105510892560563,-0.2250066199427036,-0.0790956484101383
19.1,0.1369817600235744,-0.0498886017006016,10.208661399509012,0.2920402837007091,-0.254447079990184,-0.1290201139839478
19.12,0.026160813584941,-0.0324365982835516,10.085282054413936,0.1829069822621211,-0.1174495104036026,-0.0552725901341073
19.14,0.1418501737778541,0.0097404111700982,10.00928752949098,0.2121862951743221,-0.1223978603136923,-0.0810623638942334
19.16,0.0074366878939774,-0.1138388581180758,9.8091786814488,-0.01651825988033,-0.0374194373237675,-0.0692169177074087
19.18,0.005379249931989,-0.1626078086550201,9.70030933603856,-0.1332402070186684,0.0940315223292348,-0.1195837320703522
19.2,0.0440312646564639,-0.0882873742879312,9.461366774130289,-0.1100764429691406,0.1035300861434248,-0.0958812975557883
19.22,-0.0501755391030035,-0.1115168593187364,9.54579312526258,-0.1839493012258815,0.1634581298589761,-0.1912741959332889
19.24,-0.1238685107703584,-0.168350565637834,9.346468400455771,-0.188570736026714,0.2145124853147757,-0.048722003246549
19.26,-0.0925047480516677,-0.2227326986709479,9.300668769065108,-0.2073087091715421,0.0944364511155391,-0.0443306614018454
19.28,-0.0976327157112425,-0.2075390573869862,9.297776261325144,-0.2919212439491889,0.1203338216852595,-0.0835283093216694
19.3,-0.1680397554529053,-0.2213983444414948,9.216198634815097,-0.3114434208191174,-0.0127189262462021,-0.0115119285572625
19.32,-0.1114601979878281,-0.2073238495871427,9.28020561857995,-0.2698697922865546,-0.0214150923386794,0.0033712514159786
19.34,-0.1296173253833181,-0.1781719899552271,9.182866785291754,-0.2903395953349638,-0.1131968276172706,0.1261935063025535
19.36,-0.0354160372123474,-0.1188031176582122,9.430065279049572,-0.2619008802599968,-0.1678706893298196,0.0047009219358354
19.38,-0.0648705930341633,-0.0971074826263032,9.454748389463882,-0.147946813296514,-0.2790701945317301,0.0911654234857524
19.4,-0.0623151548675486,-0.0787162202183128,9.521407920163313,-0.0815372093853318,-0.1740353548590906,0.033092250370469
19.42,-0.0326042900828598,0.0553066886393136,9.707482805320886,-0.0276872684620383,-0.1638982540129676,0.0683090949550955
19.44,0.0061316691023329,0.0986750722198997,9.71142166479268,-0.0234847810902023,-0.0219155381190879,0.1137146433452133
19.46,0.0483430158820153,0.210164132092927,9.890583091446684,-0.05448253169508,-0.0468353992095881,0.0878882839097651
19.48,-0.0108482447497499,0.1235121524349722,10.107036719922435,0.1100017957315149,0.0670201915588158,0.0917236419259097
19.5,0.0066991435981827,0.1955437286444365,10.059318142330731,0.1384365750538865,0.2496629837010386,0.0975378048490939
19.52,0.1306590988437361,0.2109759966852295,10.2805737171896,0.2197891632702993,0.2165449439396589,0.0409740970153686
19.54,0.0676122790332582,0.1872982981496566,10.355983543853228,0.2311328232946038,0.1484283874651818,0.0912777199573063
19.56,0.0256960592534833,0.2316679137280036,10.477690274141072,0.2885774988767011,0.055287474192845,0.0108101634671105
19.58,0.1221195827332142,0.2177671896618606,10.320425912598242,0.2478230603305987,-0.0391473347737748,-0.0011087548106368
19.6,0.1213972153745029,0.1708111096272966,10.469853903288794,0.2306503033826867,-0.0636171227825156,-0.0006725677291813
19.62,0.0149883543992568,0.1092252263610302,10.321171166415107,0.3357069259148212,-0.164684238951249,-0.0289406335131234
19.64,0.0916307842602686,0.0654815524869228,10.258589717926938,0.1919872147928822,-0.11437199863761,-0.0275791020786083
19.66,0.1014847507783639,-0.0279255715510213,10.12713335759368,0.1941333697336535,-0.2065753748420918,-0.0603960310269088
19.68,0.0646773086474629,-0.0447910937006888,10.021355314499552,0.185599700516591,-0.1603318255312126,-0.0653621118035452
19.7,0.0564680629045562,-0.0803238952776212,9.969390049671617,0.1203221724609382,-0.1657759082231154,-0.1131269418211199
19.72,-0.0677004453602026,-0.1476426675897775,9.759461461526945,0.047281438878772,-0.0280838248948151,-0.153406973832606
19.74,-0.0034189903016326,-0.1070097081812748,9.717188228373992,-0.0447696684292505,0.0871243036208463,-0.1693674503760673
19.76,-0.0565685460728523,-0.1001639723777422,9.518226349055531,-0.0881125088711476,0.1322109905865661,-0.1745461044506138
19.78,-0.0849325377056942,-0.2282367821404416,9.374590131090796,-0.1137246826780782,0.168794901087945,0.0087372960216813
19.8,-0.0335235438065919,-0.182185193246796,9.311301597016536,-0.2099028431329661,0.2128029314265046,-0.174381069519576
19.82,-0.0154204168814144,-0.2515827593375763,9.280530505097062,-0.360012544586087,0.2360545610522272,0.0148478533398509
19.84,-0.0074446705614492,-0.2084602534294976,9.203153297154646,-0.3179161801819063,0.0991644406396924,-0.064693350267247
19.86,-0.0342517108450863,-0.2112240293788256,9.20175787939435,-0.2651578096750404,0.0622353332623282,0.058065444617654
19.88,-0.1032135214383287,-0.1211035857041734,9.248449498950889,-0.3245352337559288,-0.0517949973227142,-0.0889262904035679
19.9,-0.0728466970952839,-0.1519256040092545,9.311224841101245,-0.1904428087668712,-0.0998849798217701,0.0308232340623448
19.92,-0.0402876996244485,-0.0281800470889842,9.312722175288563,-0.2390455210493037,-0.2248123427502684,0.1344871814602983
19.94,-0.0567102386640954,-0.0478132956243283,9.371174082446782,-0.1840449698192338,-0.2057999994628571,0.1135067083304826
19.96,-0.0371733672695168,-0.0229616509166521,9.54153526395556,-0.0748975200501955,-0.1673963649655592,0.0730772521220971
19.98,0.0187605804988701,-0.0085858707334772,9.68897002273557,-0.0764237231502816,-0.060109291501991,0.0003038222022334
20.0,-0.0029641323012974,0.1085453332356065,9.726963734701398,0.0088138517864066,0.0396206411105896,0.0338755738924534
20.02,-0.0140372707237458,0.1775667560755148,9.890032041719245,0.1122374024847674,0.093675962885778,0.1669100421066268
20.04,0.0229879233732995,0.1766266671260139,10.026310115192407,0.0575211992035932,0.2010930152961149,0.0725284650939512
20.06,0.0944646550157543,0.2967547235466756,10.166223707338384,0.174042500267824,0.1672870508645669,0.0742550249860327
20.08,0.0787785077736609,0.2687395115128889,10.23372136410064,0.2773441944099454,0.2385952242278891,0.0759627165441634
20.1,0.1074932040900197,0.184261593555338,10.378248267734463,0.2747281231569381,0.204893120664446,-0.0225640164978723
20.12,0.1312307744669286,0.1759536455890618,10.306104214067997,0.3665471276743315,0.1167499334948929,0.0415652199842152
20.14,0.0812500312755011,0.1977825942185251,10.32096669166257,0.2211801453517989,0.0016824700853963,-0.0222373780217847
20.16,0.1349755814729578,0.1059597222502745,10.366284599173232,0.206989431477096,-0.0562498055040465,-0.0089647604235946
20.18,0.1083262725880464,0.1722050717376969,10.327522214283768,0.306636753076516,-0.2050136202360979,-0.0737408676358542
20.2,0.0153106699320054,0.0921983552844066,10.189575752022572,0.2744443335793769,-0.1865393369277267,-0.1423982019779262
20.22,0.1329082693287755,0.0433928962595945,10.134420736484405,0.1727165889667984,-0.1780508039254023,-0.1007676664553822
20.24,0.0164003209114806,0.0198118311426051,10.028573157725006,0.1443323943002656,-0.2173260593047895,-0.0589717162131003
20.26,-0.0627837691078205,0.0272403861867574,9.900161090957525,0.0971733430358861,-0.0545455207204565,-0.0782825007845733
20.28,-0.0547651950236481,-0.0917178052748167,9.792516016898466,-0.0482321889255864,-0.0523920726481396,-0.0984218755615936
20.3,-0.0759212467504009,-0.1421739009438515,9.617707123479914,-0.1099493849019194,0.0749548199248691,-0.0519517234623461
20.32,-0.0433493201292715,-0.090386932194647,9.598143898627525,-0.1283876492265127,0.1652558981072501,-0.098993345508566
20.34,-0.0783981214342558,-0.1382983671878339,9.436176655045015,-0.1489123404761458,0.1608003696099328,-0.0734304354003843
20.36,-0.0969982968691169,-0.2140674173484286,9.27870413304541,-0.298767941779161,0.1958320597344918,-0.0837788422904387
20.38,-0.0605390189879675,-0.1990133431601163,9.25558087109583,-0.2844697333830254,0.1508304729934474,0.0075402552663059
20.4,-0.081234957013234,-0.1806056641383303,9.216828415493064,-0.3068980068038298,0.0326158285689852,-0.004161704072482
20.42,-0.0841265537318445,-0.1536872286384253,9.261162390140536,-0.2788888865400383,0.013333361835621,-0.0240788872416729
20.44,-0.0760467410168929,-0.2122595949801296,9.190751895254218,-0.2900494101504243,-0.1389324654924617,-0.048367336697401
20.46,-0.0574223892433836,-0.1868474121154199,9.308992199025056,-0.2919815471206297,-0.0517204611024265,0.102318456961449
20.48,-0.1808228051624829,-0.1137962769849301,9.34954189534746,-0.1638471251829619,-0.2035662263058602,0.0284553230160632
20.5,-0.0770004378424708,-0.0738302580065772,9.521907174446952,-0.2032984497687842,-0.248776010508533,0.0845049170619717
20.52,-0.1481478699081944,-0.0126472119256858,9.629720372529649,-0.1320169182022348,-0.1932788932882714,0.2096531688938154
20.54,-0.0156993095576383,0.0954211524818473,9.704835129844462,-0.1320817994885655,-0.0115495613999903,0.1385319105395859
20.56,0.0047927832067563,0.0961362503464373,9.81703245985704,-0.0206079983883739,-0.000385239515693,0.1804311751019515
20.58,0.0795718072912188,0.1499714289398201,9.989101456794383,0.1076893844721568,0.0368467356007687,0.0692965265315505
20.6,0.1075570870462271,0.107365314614041,10.080029703104668,0.1605562000482563,0.2115512224567903,0.1411794878453969
20.62,0.0767399391560431,0.1653386171108257,10.283622475759469,0.2297794097335625,0.1779435677150973,0.075927564190013
20.64,0.0566158712018731,0.2280245221747139,10.29372705433916,0.2724508895124379,0.221269082734541,0.0760581163806562
20.66,0.1167657763107325,0.2285291074171062,10.334764192475031,0.3819088638650946,0.1873082952425774,0.1390199952041585
20.68,0.072272712554571,0.1525454664345609,10.369030812221023,0.2586128418900147,0.0779118989018707,0.0023314253120034
20.7,0.0997330402706597,0.1772326142238923,10.338164257797027,0.2184368313567421,0.0947287230714074,-0.0053163292691041
20.72,0.1451589947497769,0.2508496914363954,10.402941029815098,0.2350288869016393,-0.1955159939935041,-0.0736626588223926
20.74,0.0591298081674801,0.1046065070635057,10.281109692669734,0.2258725346092744,-0.2124028350023259,-0.0048493063594274
20.76,0.1140352436979427,0.0300320238305645,10.297415283024293,0.1725375883766073,-0.2120242220588322,-0.0955646257264339
20.78,0.090596963347291,0.0119124362277709,10.07571461677598,0.1748637271202705,-0.0738071120609168,-0.0312177389718985
20.8,-0.0109271355880729,-0.0199309255214038,10.027236804059472,0.1730701110832554,-0.0470092976806281,-0.1754733106760675
20.82,0.063717265322946,-0.0759883266047018,9.94764654139733,0.1220506303847238,0.0050262270542875,-0.071433270882111
20.84,0.0273956367157823,-0.1104015217949526,9.64719156345206,0.0026173834339513,-0.0096610792131453,-0.1319005553292142
20.86,-0.0246078637890703,-0.2158653320083533,9.72268832824339,0.0179511362995911,0.0795780528368288,-0.0589605725081538
20.88,-0.0884784930649559,-0.2193631015781746,9.476561819158656,-0.168905613319041,0.1326087491768762,-0.0870703003619965
20.9,-0.1114150115216492,-0.1975133178100996,9.396326505550883,-0.2869900838787335,0.1604340012836168,-0.0996638084855539
20.92,-0.1099427187647322,-0.207442772397581,9.330214921758332,-0.1965198663643348,0.2596506717306907,-0.0750155424926187
20.94,-0.0663031710810631,-0.2264742125202865,9.275709087331812,-0.3722284023244364,0.1210140173170589,-0.0781606028742573
20.96,-0.146827400939735,-0.1959050512522961,9.219417341494994,-0.3348885788439854,0.0490154788712688,0.0281103586975789
20.98,-0.0777377484833237,-0.1633635327240109,9.252189063699417,-0.2728344711218119,0.0037147275511172,-0.0436467478161966
21.0,-0.157193428073435,-0.0928253221951286,9.255319625869,-0.2904360288909853,-0.2007334491601927,0.0175477675008546
21.02,-0.0959560948413077,-0.1061435846151461,9.373528063285423,-0.2668056350016712,-0.1738259542235333,0.0687059323632741
21.04,-0.0665485147600923,-0.0399599456690922,9.393930962209971,-0.2751322091073787,-0.2547014809617635,0.1500400568537042
21.06,0.0676170725795164,-0.0426747788549321,9.570395167953578,-0.1644584234919551,-0.1977689805521043,0.0832878739596218
21.08,-0.1033300750934702,0.0581248593508898,9.638268188107173,-0.0532097525154659,-0.15873222701185,0.0817478564384653
21.1,0.0610674049680761,0.0919174878473125,9.634512553573003,-0.0366015742424907,-0.0816370147345343,0.1128932133872491
21.12,0.0175282921844853,0.1563069737661707,9.99077216283012,-0.0114027795266889,0.0512210864381991,-0.0041781090855914
21.14,0.0526529568815189,0.1828165491822618,9.963848960460464,0.0339061599122959,0.1326467296585463,0.0347775454649385
21.16,0.0584348586655397,0.2032112981410346,10.189881978736864,0.1170726598406095,0.1677772553685533,0.0663311232355466
21.18,0.0925013378896465,0.1866314767451979,10.222929654035282,0.2304116785603724,0.218518425990321,0.0355051101842959
21.2,0.076748537332099,0.2118182640960253,10.359651268181327,0.2704784907685853,0.1375346834505314,-0.0264589849642684
21.22,0.1670015626621583,0.250598294366212,10.331370375992424,0.242871805738073,0.1596175657101205,0.0761708870106806
21.24,0.0765375738407647,0.1526127100323187,10.427454013466484,0.1875454220568996,0.0345442010819961,0.0242734749652143
21.26,0.1559728596609632,0.1321535563264582,10.383507259042284,0.3190840313396108,-0.0690373302967709,-0.0042723761232227
21.28,0.0620806975786353,0.1426695420847775,10.444744477115217,0.2380117908190968,-0.165276212843289,-0.0679815120100173
21.3,0.0814202002301371,0.1175796673445272,10.32853016367206,0.2877515016013687,-0.1930352835165379,-0.0496130312647163
21.32,0.0166668693653739,0.0138956721020196,10.268387113944389,0.1729895088332672,-0.1064522459984671,-0.0454310947488755
21.34,0.0752686490135055,0.006840993712862,10.006900934403124,0.1081573663048982,-0.1819339733353822,-0.0983442508746332
21.36,0.1043506588270503,-0.0391816586446892,9.988287531894912,0.10394167830515,-0.178806236346102,-0.0724812185374552
21.38,0.0061683624940815,-0.1885498530534122,9.880744610663662,0.1479934759566912,0.0059989572363599,-0.1392981257893855
21.4,-0.0223776082916259,-0.1281067765101796,9.735980805183402,-0.0001484705134627,0.0261415556433834,-0.0943372044819621
21.42,-0.0901951404708481,-0.1583670125961413,9.641272106781182,-0.0965819119920627,0.1435991425315126,-0.0367484716190824
21.44,-0.0661040673510423,-0.1842223436017116,9.453868179702566,-0.1459757272012325,0.1527652070028547,-0.0221518188254121
21.46,-0.1516706154748671,-0.1221414361026917,9.370253940318989,-0.3036485005406521,0.2638965603352763,-0.0029858903337973
21.48,-0.1313965649553066,-0.2606270930042846,9.344545344504558,-0.3133750153957236,0.1469202574546922,-0.0371655326065047
21.5,-0.0837663493240586,-0.2377873791680096,9.11543164005064,-0.4108633981409031,0.187449949387371,-0.0293210016946073
21.52,-0.0336627010272471,-0.3138713083000353,9.231787359596016,-0.2123463880141198,-0.0174584174313734,-0.0312245654630477
21.54,0.0414144004918096,-0.1846761315268194,9.18902890328233,-0.220769126251209,-0.0692357063892286,-0.0765952087574097
21.56,-0.1227621484992071,-0.1495977437167761,9.193786728298347,-0.2606577564262409,-0.0632025841915032,-0.031603796948702
21.58,-0.0112945820873091,-0.1178860757650129,9.318469671696311,-0.2424230146045332,-0.1766067301278249,0.0472848130505559
21.6,-0.0562670865727863,0.0051317817484959,9.45064430128322,-0.2829436319034852,-0.0860320485953726,0.0674824402857197
21.62,-0.0579247025008947,0.0374740781331517,9.549783270592751,-0.1620519585032623,-0.1874937733958056,0.1570034931596082
21.64,-0.0080744355713956,0.0433144235155404,9.61501939950845,0.0005071194470847,-0.1006016471773169,0.1612264109434456
21.66,-0.004436856368795,0.063860937694447,9.79859096487129,-0.0160272417485934,0.0652123457782903,0.0653915829517321
21.68,0.020542345192684,0.1724735339203478,9.933538748394731,0.0168353534256245,-0.0162878445217163,0.1397814602282427
21.7,0.0163957971271319,0.1527757631218571,10.016506168086137,0.0225338328052154,0.0550219195266532,0.0691242053601305
21.72,-0.013178588077269,0.1376160774204039,10.10570734187663,0.2391959711245608,0.1470903796308483,0.1164840769130342
21.74,-0.0034299483902864,0.108387655371663,10.21074616885879,0.2177497451560699,0.2398953563023007,0.1078341672174394
21.76,0.119680619631014,0.1779111072742304,10.364002920245124,0.1732184337327166,0.0910127720721329,0.1113773747622157
21.78,0.082017174397452,0.2332976849898009,10.373005732724792,0.2413432526016359,0.1391313221749538,0.0038697585078624
21.8,0.0699982278600188,0.2950177808398999,10.346506926070434,0.235531117660575,0.0514019814373042,0.0569942363119772
21.82,0.0990938757569444,0.1606657109451822,10.307768424749264,0.2894186069767616,0.0365307896986547,-0.1099044183255522
21.84,0.1322543333292281,0.0876833897837921,10.3966378967055,0.2878901105309812,-0.0882557476841441,0.0268328745247652
21.86,0.0906521222230397,0.0286521369047432,10.262464629317108,0.2197409220012332,-0.1703955953036808,-0.0590081064831505
21.88,0.0337984399113786,0.0729691779073481,10.21612650824336,0.2386558900546251,-0.1307656153463547,-0.0747805144417014
21.9,0.1094900151926186,-0.0876998383280556,10.151037549814484,0.1484662142541356,-0.1419203880446588,-0.1895024932889092
21.92,0.1062544687008137,-0.0168193000813716,9.89832493746772,0.1350011999188029,-0.1280384287236179,-0.1156360615209777
21.94,0.0297522645841192,-0.0460597128620801,9.82788972188222,-0.0027864084501063,-0.0773026318226844,-0.0320997256799242
21.96,0.0311808696696764,-0.1033105215098705,9.686451457303887,0.0997593619079732,0.0404603044502509,-0.1197915280380611
21.98,0.0229606331569699,-0.1679121544496373,9.584162943679075,-0.1456365362248598,0.1420581112502267,-0.0563500466878264
22.0,-0.0022735594090197,-0.1524916664859312,9.50928684854555,-0.2215020752755297,0.1989622235265079,-0.0791739430517907
22.02,-0.0447201792179776,-0.1867934491650739,9.280976580825229,-0.2775904417256143,0.0913325052349936,-0.0125251185953125
22.04,-0.05831177028975,-0.2388963682989628,9.299115161574324,-0.2752344042581979,0.155141163092968,-0.0374953449563291
22.06,-0.0705551352160016,-0.1019306181717691,9.272347205449725,-0.3755912961932695,0.1021537288046325,-0.072674727183897
22.08,-0.1547958309914111,-0.1965896992998517,9.191107463217808,-0.2850586996007863,0.0424422333495765,-0.0009464842745457
22.1,-0.0631925672298895,-0.1156529398449256,9.203755299918132,-0.3899513636968466,0.00771513358838,0.0987989766436336
22.12,-0.1593148158184192,-0.2429379257482031,9.271777764876695,-0.266488805583413,-0.1382199466993727,0.0651728974731768
22.14,-0.1198866712433401,-0.0195345137756,9.336300662971963,-0.3080326826660796,-0.2371825016158617,0.0539681829410691
22.16,0.0004726572334603,0.0329760638439007,9.440884053426691,-0.2131814588398366,-0.2882411580216468,0.1890314420578105
22.18,-0.0039469779274409,0.0059868941261337,9.552316109947157,-0.1076469382298344,-0.1289173022378229,0.1467744300094144
22.2,0.0495009257678054,0.0771620708194224,9.601687452420292,0.0405949180443546,-0.1398051027942216,0.1376950118827855
22.22,-0.0160967287287006,0.1193698385486818,9.83443526761923,-0.0614390546720658,0.0332929852221044,0.1158355421905486
22.24,-0.037641444012397,0.0968667280336201,9.97816514641816,0.0523971216830043,0.1481457409755711,0.1344991969759799
22.26,0.0294156982458118,0.1873514810990584,10.05792949328049,0.0881247405592098,0.0736465378482637,0.1291472007276413
22.28,0.0658945946314897,0.1424021370303553,10.090050413289283,0.1388855731803433,0.2207709557046036,-0.0297417274128237
22.3,0.0810007600945798,0.1659194188517622,10.256570660365472,0.1954053063342608,0.2610885706627044,0.0834892096163409
22.32,0.1460681663529617,0.2562243595217057,10.34602514833779,0.309355751027227,0.2112653632381878,0.0367980286422197
22.34,0.0790996520412946,0.2419470294175502,10.32574902785946,0.2670867266628816,-0.0129029997212175,-0.0013389139544542
22.36,0.1175938280105278,0.1413887753141483,10.38194572334344,0.4124419481746875,-0.0376565831510091,-0.0085152600138744
22.38,0.0482954548850895,0.114519550959445,10.315892404762993,0.3139793998651961,-0.1468841414861702,-0.0989931453333134
22.4,0.1129985691487923,0.0857063651942638,10.373260842728932,0.2209475826811011,-0.1279290107978071,-0.1328084341583669
22.42,0.0787842707229432,0.1153950460975933,10.280070825027073,0.2175512705337304,-0.1736600154086606,0.0005391595633908
22.44,0.0252784692148435,-0.0144719820992991,10.094325658533704,0.1482150588852089,-0.3303482186106693,-0.0547383391712565
22.46,0.0319201085563499,0.0083170973887048,10.079842703069655,0.1711381626426135,-0.172299267493714,-0.2105911315172514
22.48,0.0132182887691762,-0.0167370518520693,9.93173700920011,-0.0146577545434505,-0.0473871618131284,-0.1262719143487449
22.5,-0.0135077564668527,-0.100297380235492,9.825820714137734,-0.0670475690217843,0.0073987995611978,-0.0559724133301734
22.52,0.066139986018448,-0.0823026511209576,9.645860921742612,-0.0968585342222654,0.0947364993051723,-0.1114534059646897
22.54,-0.0486338767804854,-0.1781761127736585,9.4976565699723,-0.0969873903383581,0.1390080020913832,-0.0276902774667199
22.56,-0.0749639416379353,-0.1955059202756514,9.384842951902698,-0.1266543946460668,0.142506577659903,-0.0253586401928719
22.58,-0.1835013910941695,-0.2461124504459604,9.301318429890609,-0.166859420102345,0.1934735553884098,-0.1296215217745684
22.6,-0.1351930728455762,-0.1487791144101783,9.25804502334944,-0.2449580397424304,0.1567073211169119,-0.049744134098948
22.62,-0.1108804835796371,-0.2301810396283562,9.221037049130324,-0.2973249138883595,0.1136378422153014,-0.0436051822326398
22.64,-0.1342847382292137,-0.1568091673585056,9.190511379587306,-0.2602450226454452,0.0297989771261134,-0.0682053107292717
22.66,-0.028077793622578,-0.1514264846278571,9.195854982801368,-0.348714550745989,-0.0876229011661285,-0.049063816540393
22.68,-0.0976310311849381,-0.1665298095666577,9.246124982108965,-0.3603852883461931,-0.1055679787449291,0.0045372442969151
22.7,-0.0126291118116675,-0.1045734863833956,9.463078293609868,-0.2093220939484159,-0.2152036835525248,0.0316961284992355
22.72,-0.0577077980669436,0.038573661235372,9.396705563808316,-0.2326630101658287,-0.2652775562606435,0.0935605287269505
22.74,-0.0395761662782461,0.024618729377663,9.523476050976742,-0.1275780109062489,-0.1269975926763005,0.1432212707292221
22.76,-0.0244108204370675,0.0084435909133457,9.844866717109753,-0.0539316433606869,-0.0719557556479846,0.1236677530290427
22.78,0.0027028221254048,0.1155319872516245,9.83612872238902,0.0199450065919104,0.0348954394199396,0.1374870309423712
22.8,0.1108087388689766,0.1292161808205533,9.880214899003718,0.1214965430757036,0.0331281674061901,0.0835274250393452
22.82,-0.0700225502754137,0.3385252334729837,10.117882276571748,0.179477717601028,0.2528076545739848,0.1189636547119998
22.84,-0.0353716910649909,0.2009320800545035,10.142731632481604,0.2038667918292136,0.2328623095247545,0.0688255020216329
22.86,0.0529981569342808,0.1789871829759239,10.326393266312774,0.2183693314377894,0.1773045132535209,0.0377168791431142
22.88,0.0922505113589694,0.2702740614824228,10.338596589604013,0.2799604562200891,0.1007299661734073,0.1351456910161492
22.9,0.1327339463110702,0.0983229015706269,10.367382557962747,0.2648756543848627,0.1274825810585335,-0.0977856663688062
22.92,0.1235833071654327,0.1764938836877334,10.480031932025732,0.2899653956918684,-0.0701538502087722,-0.0974342331323597
22.94,0.0773258682392993,0.2441510271672292,10.407549050932928,0.4205231628290042,0.0123436009124574,-0.0069491629223077
22.96,0.1391813073055842,0.1039132175073561,10.378024207733436,0.2737968529746654,-0.1967794268341252,-0.0603195106431542
22.98,0.1269349082312481,-0.0172382763475942,10.274296812417669,0.2487876650727119,-0.1120670244090487,-0.1375077930836404
23.0,0.0679814167928269,0.0057974376354825,10.13044892518584,0.141061543236228,-0.1994349925126686,-0.1336322469956821
23.02,0.0872702453080638,0.0531819132750148,10.065391921115245,0.1684157708726588,-0.0650244695365707,-0.1382434745796754
23.04,0.0311345690691357,-0.0448821405613063,9.9654746050194,0.090520538825759,-0.1056720099762356,-0.0538396065963745
23.06,-0.0330985831571194,-0.1465255136383029,9.776590311268029,0.0232943322788284,0.0210141618975712,-0.0392531741073798
23.08,0.0075956483982693,-0.1744138390482561,9.72631096890694,-0.0711410183175195,0.1452723925007817,-0.0142246388970781
23.1,-0.0426447112812361,-0.1965654986736435,9.553472155699076,-0.0928165974421716,0.2019694419351906,-0.167081229114854
23.12,-0.0665341944056995,-0.1703608330541723,9.410992007028035,-0.1362193003985351,0.2537603537868951,-0.1429502911679959
23.14,-0.0079862464622387,-0.1317518324405389,9.322770776120588,-0.2307468292476875,0.1642245014384968,-0.1295385940672542
23.16,-0.2150513271104495,-0.1461603338683079,9.251815532347711,-0.2832537800003517,0.144770412602265,0.0264649407363188
23.18,-0.169552802928765,-0.1659735487385006,9.145426494195531,-0.2512772337566216,0.1266081507613515,0.0045975062014865
23.2,-0.1591561941615457,-0.2357317329077901,9.196680353152608,-0.344614283856469,-0.0603294217988021,0.0102890127764158
23.22,-0.1140152112801783,-0.2073039244619485,9.235946250856632,-0.3234545507359804,-0.0806518162909284,0.0399833609393684
23.24,-0.0997487839552548,-0.0788238024656063,9.257085491134951,-0.263720143545105,-0.1824633432276147,0.0464338202978906
23.26,-0.1491175941244708,-0.1319649260343337,9.374375980520323,-0.3083217886293626,-0.1889330164995037,0.011476178441776
23.28,-0.1059847965282182,-0.0318789067493115,9.460704005041697,-0.1288009210598595,-0.1826382776706022,0.1080118992520871
23.3,-0.0798545391946477,0.039747303207052,9.617809862944124,-0.1585830601786988,-0.1763235787249904,0.0836707233061402
23.32,0.1078486456917174,0.0115502078020377,9.743020265580824,-0.0686422278113194,-0.0724429759215351,0.0388490987998265
23.34,0.0976197779401491,0.0576206700431824,9.853553747695994,0.0119340618743867,0.0372917304279807,0.1284301622939644
23.36,0.0091166872734696,0.1389869389331187,9.909864304381111,0.0910768155516337,0.1083175898897399,0.0741970726610353
23.38,0.0321831556482348,0.1964140922000814,10.191710057915508,0.1339042966695723,0.2526735484236142,0.0977665160613531
23.4,0.0109945107334531,0.2431224944772101,10.203633713628651,0.2019955794170859,0.250103123526472,0.0666479046772409
23.42,-0.0123469307416828,0.2295320456349865,10.294313216832728,0.2461973881392206,0.1995144662915686,0.1002565002600604
23.44,0.0875888849252345,0.2018475785268965,10.343471323038996,0.2579471348556257,0.0950450643508794,0.0466493365827734
23.46,0.0491535434074636,0.1497446342706226,10.369856272614712,0.2584787048270565,0.0133892325085728,-0.030405979674375
23.48,0.0953708343312168,0.1128689257024965,10.474883067885932,0.3529137789607321,0.0636859399689708,0.0073150415218536
23.5,0.0150953591773419,0.1117521406048991,10.4399361257964,0.1800966697752122,-0.1680513222620998,-0.0131672632138403
23.52,0.047653942703853,0.121679777102874,10.336735663895078,0.2469722389076236,-0.1707652643794618,-0.0258773046762058
23.54,0.0794622572539331,0.0767462912653688,10.226810407211214,0.1926477338721641,-0.1818104588106836,-0.0175716178446838
23.56,0.0729499145626249,-0.0894003355030234,10.158792507291256,0.1848578783566084,-0.198614417098351,-0.1145519432630721
23.58,0.0553378902545536,-0.0688039245843385,10.010475602993187,0.0306782371264084,-0.1795213805427609,-0.0604766024063603
23.6,-0.0534911258514201,-0.0129055953863847,9.865688794222436,0.012610703007115,-0.0889828093833004,-0.1854523320234878
23.62,0.0326981150216579,-0.1090553712169707,9.756688267164597,-0.0352265011548483,0.0126167459876748,-0.1054943424625454
23.64,-0.0721049458108122,-0.2179939717151851,9.58537594676841,-0.0427794024236361,0.086111416084028,-0.1084428247398569
23.66,-0.0208745672657631,-0.0559834579170685,9.497508435223402,-0.1409431406486142,0.2451543044892969,-0.0127071871704558
23.68,-0.0707969308107936,-0.1929994337938245,9.38862106440178,-0.2699694014830952,0.1995279091671317,-0.0789703391697537
23.7,-0.1532521675040982,-0.1803546047781317,9.323550045761692,-0.2776722135866354,0.1547753554358254,-0.0231832405893202
23.72,-0.1101089388183454,-0.1774466101413784,9.203248830590503,-0.2385945931348235,0.1308861744515042,-0.1213708855959277
23.74,-0.0810929439488123,-0.2035962118104685,9.239340031331825,-0.3581221364521555,0.0782519474546267,-0.0288735367217784
23.76,-0.068712862028271,-0.1999526293523726,9.15851763904047,-0.3020156065746215,-0.0620851374927504,-0.031032354884332
23.78,-0.1013484484615078,-0.0275142229339641,9.205577345883215,-0.2833531833941743,-0.0804392074993405,0.1570575106170738
23.8,-0.0078438480201495,-0.0466553893503691,9.2669569917415,-0.2725875306466446,-0.2445227492110298,0.0202428416418307
23.82,-0.0198894584305578,-0.0140041370097882,9.324807429502002,-0.0760074017997115,-0.1414190272349426,0.0748175213540003
23.84,-0.0653501688161182,0.0182353377023806,9.5356783361925,-0.1781889619607691,-0.1792159018188659,0.091428238293227
23.86,0.0054117296261251,-0.0156841495848309,9.55898121030618,-0.0737948249737762,-0.1239866771265111,0.0152359159526413
23.88,0.0866535027742867,0.1416623568602554,9.704837154218932,-0.068423570466332,-0.0745927123261285,0.0731933311709742
23.9,0.1105575533955806,0.0749704441466523,9.93797032566291,0.0639873696692581,-0.011654529092704,0.1194497957639106
23.92,-0.0269357017236742,0.1646654608612487,9.978256618812022,0.1469322567949487,0.0460775955231159,0.098159499527452
23.94,0.0083127791155684,0.094238201187331,10.118429473783651,0.134520102182973,0.1449094010766924,-0.031267744596182
23.96,0.1462768418254825,0.0908942072991785,10.181583964886912,0.2133576167054431,0.2292415555582356,0.0410157583560512
23.98,0.0328386130774828,0.2157517382114964,10.356163554097323,0.2124940083635503,0.1283943241717596,0.1024850364504962
24.0,0.028978594964931,0.156101287248034,10.412970721986644,0.2280967642860505,0.0401346411722825,0.0603128458031425
24.02,0.0753036543793648,0.0838031398192036,10.434627460692075,0.3506798543679618,-0.01044865374683,0.0696867872463355
24.04,0.1200574780433945,0.1876607733654642,10.421153346827689,0.2694383804148134,-0.0738320529786768,-0.0630613959396273
24.06,0.0883130589151067,0.235819604563013,10.364276821024944,0.1596180663115812,-0.1504774346199649,0.0284052888926287
24.08,0.0505314088993022,0.1618652298773052,10.272138706170592,0.3374465775834266,-0.1914600867790283,-0.057907864063277
24.1,0.0347440875066441,0.0373861909624107,10.169979798223917,0.1652593656254784,-0.1479750283830606,0.0067142623048065
24.12,0.0147454669429414,0.005999063318546,10.166669197319546,0.1387683083033292,-0.1115740290293326,-0.0862271200150943
24.14,-0.0142713232752427,0.0049637255370227,10.016465162532556,0.171157799747829,-0.0131806645558883,-0.1978602291103797
24.16,0.1216143244165973,-0.0262851893796926,9.810530871956743,0.0155109369490006,-0.1112904836590835,-0.0572531614607041
24.18,-0.000147005352797,-0.1383408364562922,9.71185623493871,-0.0532345068463175,0.0166141202985866,-0.1210408583725236
24.2,0.0075254974517699,-0.1520547703274231,9.564119513739948,-0.1718460180329274,0.1718336790387227,-0.1117891291572496
24.22,-0.081180768318621,-0.1634988390281015,9.403228095238664,-0.251922369719403,0.1641642277150698,-0.1550080813163317
24.24,-0.0830491455951192,-0.1665062732319484,9.366374698416166,-0.2295732484372567,0.2422660453210964,0.013576694138199
24.26,-0.1226960745354698,-0.2066306540695778,9.257115113986329,-0.2429146376971116,0.1818610027444736,-0.0753277928449722
24.28,-0.2284375956476974,-0.2015697663846082,9.177260093274793,-0.2722802662946734,0.1882390798486967,0.0502498624986275
24.3,-0.1687031366852204,-0.112199229875027,9.127227335235949,-0.3234710725519421,0.0772024524094985,-0.0278412100325748
24.32,-0.1891995284198067,-0.0971091585135656,9.129798258464996,-0.2949928932950137,-0.0111378906334896,-0.0301235435879763
24.34,-0.2049969095810265,-0.1020806368680003,9.226382369514592,-0.3693836618167367,-0.1611235743944522,0.10395436825367
24.36,-0.141401873786624,-0.0019449438178045,9.30594170104844,-0.2218934241803827,-0.1934711494769854,0.0540905328922146
24.38,-0.0003534027743442,-0.0646937212033858,9.35662783903133,-0.1917332679917749,-0.2139849349823698,0.0714155141746598
24.4,-0.0503971757953899,0.0806177081403089,9.543484766921829,-0.0458430575213737,-0.2441601922829001,0.0235493709902299
24.42,0.0372329945643254,0.0714623273283913,9.632951511600451,-0.0815115983337474,-0.0314464632174851,0.0733215994237955
24.44,0.015524697027066,0.2504965992859531,9.798697674622066,-0.0622067630612371,0.0171970224719145,0.1213084868421516
24.46,0.0566302471832848,0.065500397832388,9.895868295875776,0.0499707609881396,0.0516772284308537,0.033497433764978
24.48,-0.0059074830815092,0.1224618082418409,9.99546831834196,0.1010221100503668,0.209291430350578,0.0650688000279964
24.5,0.0849760729388802,0.2016785905733008,10.158377029932412,0.19807096912626,0.158692920921672,0.0598793775671222
24.52,0.1118608497773272,0.2152020703704392,10.189417102840745,0.227620017307089,0.1061855617165668,0.068980615810996
24.54,0.0593967580318103,0.2974971254146841,10.356346661892802,0.2016900328778527,0.2164876674838448,0.121048375498447
24.56,0.1245151824141355,0.1610325001255429,10.332371522974308,0.2078273272402806,0.0367966286713546,0.0110864939798411
24.58,0.1282383351928005,0.2242516562540212,10.445485309911026,0.3129322519238275,0.00527658782439,-0.0307560148536339
24.6,0.0707510940163648,0.2125637051015224,10.37244956312512,0.3638419022720689,-0.0633187584977451,0.1185804001426617
24.62,0.0353856956485422,0.1572396032244516,10.402271379388049,0.278539745988862,-0.1282293562346949,-0.0619499112475371
24.64,0.0209502818921744,0.0353082408184326,10.224809031493113,0.2811349631572744,-0.1492843049932846,-0.0693234063642112
24.66,0.0690308732530179,0.1108500636515405,10.15434509190523,0.2447572461810147,-0.1682946175281984,-0.094136569560696
24.68,0.062308479501615,0.0569710417959654,10.094794663715328,0.1512135504761813,-0.1357732238153368,-0.1026520999368355
24.7,-0.0147573028064096,-0.0192442930930188,10.007738786970256,0.0338823917563877,-0.1358883239231696,-0.0929705729620649
24.72,0.0038422766106392,-0.0812266951078589,9.898408502681752,0.0173044328852811,0.0046633142274266,-0.0539285950486662
24.74,0.0085558537554841,-0.1177005060134359,9.682242319875405,0.0004406502257035,0.002997234864933,-0.0777861190747545
24.76,-0.0105280223660628,-0.1639321554390588,9.643261932943371,-0.097818146817988,0.2289571610698608,-0.0371558189001787
24.78,0.0168009762366643,-0.1507944038113501,9.420758593891968,-0.1449668221669475,0.122948086575743,-0.0271976061344121
24.8,-0.0132022826676764,-0.1948005223867792,9.392630435452675,-0.254281284917327,0.1791354582079209,-0.0533147936940755
24.82,-0.1394487140529533,-0.2423034511287228,9.21658609566128,-0.2782701152326525,0.0943696850228374,-0.0260227231058149
24.84,-0.0129838628145661,-0.2456437271239188,9.23803098559436,-0.2974258854194201,0.0554076578310167,0.0317869341110581
24.86,-0.1265409296481673,-0.214309363102551,9.082962721434887,-0.3025432133879846,0.0056974398602719,-0.0568171003884598
24.88,-0.045483171734098,-0.1400917560070222,9.157559575276428,-0.2347825212698404,-0.1093130211244552,0.14611127110412
24.9,-0.0870833739440477,-0.1193339871389097,9.280437608424426,-0.3888068021567148,-0.0968903356478756,0.0169486726301265
24.92,-0.0992363121365105,-0.0679958781098834,9.262604998108,-0.2343596144118946,-0.1829812957847945,0.0442377152305842
24.94,-0.153153979117817,-0.0104866002639174,9.444732663765038,-0.1922822271719538,-0.2185991111750687,0.0172511814230137
24.96,-0.052289802175911,-0.0218475117327535,9.583053446050055,-0.1997097870674884,-0.1639367829260271,0.030832984758917
24.98,-0.1003962378602189,0.1273624008010492,9.640371533794456,-0.0336928674554422,-0.0264381304773912,0.1461543907231444
25.0,0.0483649617921382,0.0824995663684662,9.751552352216288,-0.0362250095972474,0.0454435441642217,0.2135096638821126
25.02,0.0982667089519001,0.1111344867251311,9.91085312577689,0.0494295958171552,0.0304846086294146,0.0690906817382404
25.04,0.0038660272002584,0.1870799161657934,10.01397884403135,0.223573825382981,0.1232251007203426,0.1073063515630131
25.06,0.0778676732550333,0.0929876301072033,10.171554138873624,0.2388060908641621,0.2191931156478569,0.0888545599423107
25.08,0.0423592671132629,0.1577234164032212,10.276877590526375,0.2646108765982408,0.2119946758842871,0.1117981894298716
25.1,0.0590584687397623,0.2486916217257807,10.327595725324771,0.2904869624720256,0.1015835714852205,0.1535136523823775
25.12,0.1364515475500878,0.1049839208263094,10.470078836150256,0.2849464359481907,0.1203314456639891,0.097249381891285
25.14,0.098065191328211,0.2301764680909147,10.363982435537942,0.3999451765296499,-0.0495697260979861,-0.0131895680373723
25.16,0.184145575388018,0.2234175095895149,10.45255069871157,0.3315979014464143,-0.0267246334314794,0.0027884820831095
25.18,0.0652725184799804,0.0954178895198844,10.284242892675154,0.2306749315471168,-0.1338409391616936,-0.0134354294718916
25.2,0.1270181409013035,0.088708967563542,10.265946824162553,0.1611488589218545,-0.2530536726780236,-0.0647469305332497
25.22,0.0656637004173498,0.0865243049592127,10.223913449044169,0.2107209894078456,-0.2195301628398256,-0.1341958465396199
25.24,0.0812264585865402,-0.0378753116481069,10.10519320620864,0.1215192178040636,-0.1781733068736525,-0.1309494079966505
25.26,-0.0023868848150564,-0.0155123319553819,9.898813093423636,-0.0115339141929856,-0.0702808973023247,-0.0405778726919638
25.28,-0.0049909514219126,-0.1338230126407263,9.812675428737569,0.0138902796525784,-0.0001499812646714,-0.0374030191372275
25.3,-0.030643932681432,-0.160401997066942,9.6718450218843,-0.0880583241650319,0.0390762891512532,-0.1072366843548225
25.32,-0.087760841804438,-0.2057897365770252,9.497255124697473,-0.1113407119100723,0.0935548928323076,-0.0757608751783501
25.34,-0.0316015194278566,-0.1695435280276509,9.442563919915738,-0.1720297777417876,0.2247883555614665,-0.0163810600346627
25.36,-0.0476442482081693,-0.1401199727009651,9.412184417680091,-0.2708832965384546,0.2060162010316835,-0.1450039419074169
25.38,-0.0618463825168133,-0.2084783121989254,9.274440329680582,-0.2429301135650648,0.1527795013318867,-0.0626082651133092
25.4,-0.0213804423769866,-0.2539371679308919,9.238945468516322,-0.3195814293503515,0.0871615034849591,0.0821554376155596
25.42,-0.0274617072022437,-0.2259132169830176,9.234034065325684,-0.3214309354512253,-0.0460113184818378,0.0187344040771592
25.44,-0.1152853983757841,-0.1246996313646462,9.14772218633228,-0.3162280619810511,-0.0915250224383946,-0.0303766536061821
25.46,-0.0695765067217864,-0.0175173610556275,9.293636497799342,-0.2081386465401725,-0.0391939015899489,0.0529345078952189
25.48,-0.106605172536521,-0.0497405259190866,9.296611192816412,-0.2403040336235493,-0.139363929101973,0.1167303551887094
25.5,-0.0576107594235195,-0.0449381633885717,9.417834501589628,-0.1077134166595294,-0.2046317258070226,-0.0464249474289343
25.52,-0.0691248391396635,0.0578531871154544,9.673272888957104,-0.0282378565418178,-0.1702303923326435,0.1008374755961416
25.54,0.0635012095592749,0.0517106885980107,9.682323084131896,-0.0894428745353053,-0.2119505545094819,0.0798357057232961
25.56,0.023209339335125,0.0856684472944695,9.79313788569315,-0.1309764702809158,0.0735070506194778,0.0177737893387543
25.58,0.0163937371465114,0.0922287434045441,10.021400290255466,0.1341110578187612,0.1443651936809997,0.100299129915124
25.6,0.1078562960029903,0.2390029273284724,10.041668354318912,0.1274275073625075,0.1416741866365784,0.0808066564163639
25.62,-0.0419295837463454,0.0614603313820901,10.177236163251068,0.1564942395736759,0.1271368779601453,0.0733896019325362
25.64,-0.019071204671546,0.2385545991014354,10.35225615882962,0.2154658699075068,0.1308347350190865,0.0403442393299885
25.66,0.1322996534444345,0.1755942376183892,10.357184702366071,0.256782470982036,0.1627498870837408,-0.0130889680455269
25.68,0.1016920168266552,0.1682571212713753,10.313931714268396,0.3608654377970474,0.0597216852783159,-0.056476425160424
25.7,0.1123249878558652,0.2537652527108048,10.426015517773097,0.3074035804943572,0.0095129541675029,-0.0408135489666626
25.72,0.0295323737358101,0.1052007441522715,10.355289779308102,0.3517364682106195,-0.1049567124284449,0.0144606794568055
25.74,0.0858566899244342,0.0714829458248711,10.399102827128228,0.2857661323647823,-0.1231673896329064,-0.0376192194684919
25.76,0.1739267822558844,0.0581716591917093,10.212198523033198,0.2057923990099277,-0.1807479648090222,-0.070991947284432
25.78,0.0979368759024686,0.0412929249864899,10.19292266816235,0.1506628245775637,-0.1454260194832882,-0.1343416672164173
25.8,0.0452977825256082,-0.0466325700123899,10.109659633229091,0.138517803342883,-0.2413935917318342,-0.1116733952315357
25.82,-0.0069301365931713,-0.1471228540969695,9.847588192281876,0.086088958202862,-0.1211255948402794,-0.0620072965559308
25.84,-0.0272613231462631,-0.1521186958052167,9.74514326564533,0.0272415926266631,0.0118275343297707,-0.0744767019017868
25.86,-0.1361640526177045,-0.079626299338286,9.641206314761002,-0.1021894000418981,0.167432229070364,-0.1193463979633
25.88,-0.0374802991175182,-0.1674927383671049,9.454958791390832,-0.1423266676705051,0.2680632372372925,-0.2169624492926735
25.9,-0.0261805551687763,-0.1674921917713322,9.402786483778176,-0.1761621113158407,0.1913935565663104,-0.10663924425022
25.92,-0.1618405562781121,-0.2122504342551111,9.290396446107213,-0.2683770210555872,0.1544364381724823,-0.0798222875293505
25.94,-0.1265037388610021,-0.2311396335859498,9.227149255946363,-0.3370456844271222,0.0354539462739594,-0.0809964847564629
25.96,-0.1569193741813362,-0.1031758994547033,9.208170064217414,-0.3374519810441016,0.0977685753071223,-0.0344378182254488
25.98,-0.1478809206547554,-0.1758238683472746,9.205883070293028,-0.3108918548703509,-0.06251414055478,0.0496126260648354
26.0,-0.0924315702884202,-0.1594644889977104,9.23756012867671,-0.2522065979275307,0.0303596830094122,0.0290368767896692
26.02,-0.1899727733687888,-0.0463758795360757,9.255542689010973,-0.19430912207949,-0.2134284412887168,0.1009287557733979
26.04,-0.0413173805709372,-0.0960331238773678,9.34005599884977,-0.2838950679031025,-0.0945941396850846,-0.0060532737009895
26.06,-0.0169466811767425,-0.0453311309719292,9.4662340125182,-0.193785554716779,-0.1456298653448096,0.0684996011064671
26.08,-0.047019421719297,0.0300324073718115,9.590976364033503,-0.1212860018055168,-0.1808244122799562,-0.0030777197768624
26.1,-0.1365687488556571,0.0731444781711046,9.70285759286409,0.0021358815460419,-0.0381307880007903,0.0778825936396054
26.12,-0.0397847598149976,0.1259966910023412,9.876414011015031,0.0037029876859405,0.0785110224304061,0.0472122289332463
26.14,0.0937394576858561,0.2517269805298125,9.901828078450569,0.0747964661947903,0.1103234499130931,0.1587724721708934
26.16,-0.0863822510402987,0.1905869293145963,10.078581465031332,0.0869527601308784,0.2206674203578683,0.1055850484716443
26.18,0.0528888263702092,0.0726496490405472,10.20759359056917,0.2349653567383185,0.2407820668081962,0.1218950425005789
26.2,0.0254327536268387,0.2158862499153804,10.26379099594968,0.2452284239207774,0.2107823355229098,0.0321152882342528
26.22,0.1345275686685265,0.1993168476681164,10.447254222276154,0.2501949090188742,0.1247146038557811,-0.0177039504035285
26.24,0.0656054334448278,0.1873889397200309,10.397109878648257,0.2851077319318978,-0.0138928522754317,-0.0412925112395741
26.26,0.1195588320887813,0.1758713107311095,10.4050052702233,0.3544331682525655,-0.0486934209636396,0.0019863255511942
26.28,0.1225720745477409,0.1321640578035187,10.341632786137446,0.2326528153518667,-0.1167350390723493,0.0572261202573721
26.3,0.1762440845367022,0.0941850781784843,10.30580780928256,0.2112153960954239,-0.2747679540450959,-0.0329635648968756
26.32,0.060117899796116,0.0857532075537582,10.160827308664173,0.2734076133129348,-0.191522443041196,-0.089891954185308
26.34,0.0713196814772597,-0.0165249179761985,10.106613926172022,0.1613411303893303,-0.183608348070759,-0.0945379909357986
26.36,-0.0421584129756513,-0.0818660367152153,9.945715744454535,0.1297707877777572,-0.1864173630781671,-0.0962748470870644
26.38,0.0695568496498081,0.0734032253578747,9.84634684967292,0.0501961099556472,-0.0565923156374671,0.0018370263107778
26.4,-0.0505587657599991,-0.1529199492363042,9.59680423154629,-0.0393666976839903,0.0341456600912581,-0.0375310418397035
26.42,-0.0625020005218395,-0.1454939753307148,9.536814085673113,-0.1208078329097845,0.2259159189885615,-0.0808754355578689
26.44,-0.0557518244158879,-0.2509907090043295,9.545359712185151,-0.1223404028960911,0.1940541518330527,-0.0782662056139085
26.46,-0.1501751197557835,-0.1871137290789843,9.409334472522632,-0.1579758790758155,0.2516601570938477,-0.0543976610627862
26.48,-0.0743141641729186,-0.2464984556133076,9.35143597307957,-0.2030485795072917,0.1705674800624571,-0.0267301699139963
26.5,-0.046732337983265,-0.2186798977502793,9.298752153706454,-0.3445905365709308,0.0238612246167384,-0.0515615970862739
26.52,-0.0849666697394527,-0.1310082850955097,9.23596920572232,-0.2335945318507354,0.0686217042361339,-0.0509890670239055
26.54,-0.1784910207786013,-0.1370298197992047,9.183079710313054,-0.3150351904188773,-0.0874997235828445,0.0653900420962077
26.56,-0.0996233589621439,-0.10139508978173,9.187540087212756,-0.3180501596142246,-0.1499823799862478,0.0367403243999248
26.58,-0.0459581447706063,-0.1809474588678923,9.358979690755,-0.2576451545971663,-0.2376640038226661,0.1031239584395677
26.6,-0.1623541488911637,0.0415926732657595,9.39250013516216,-0.1638077100161685,-0.1959669524895861,0.1552048001809637
26.62,-0.1041006208544612,-0.0651508635307892,9.622527219837645,-0.1240637512893233,-0.1207778328527812,0.1124230784242619
26.64,0.0141230220463731,0.1158496280168694,9.603520152253246,-0.1018817950658218,-0.0668168844016176,0.113413878453168
26.66,0.0059720911570717,0.1334687836705153,9.85344870942227,0.019285251685521,0.0492643575651096,0.2597280390519146
26.68,0.0356211380184141,0.1500306876042439,9.882295763937671,0.052060705774201,0.1458062892131153,0.1092161808877821
26.7,0.129787195649634,0.1110144170682349,10.087677161473747,0.0817887925284367,0.0346157096728287,0.0384503081965074
26.72,0.0801545338379817,0.1861090716073008,10.225195956337654,0.1347789205900901,0.1271847604448588,0.0682919981542461
26.74,0.1066457122574768,0.1706540187136478,10.191360374005871,0.2417656774285347,0.1088171429123065,0.1451175163993789
26.76,0.2225556518278692,0.2014288105442791,10.297860348887172,0.2569292396100787,0.2031018517582083,-0.0154356333591738
26.78,0.0851619509972132,0.1830718911768923,10.3234641121255,0.2187812790345316,0.0746247801568935,-0.0091210539606521
26.8,0.0599085346619024,0.0792603210341246,10.337318812644051,0.3417660931819568,0.0006076301206611,0.0616003922513564
26.82,0.1200584143331433,0.2136744011849373,10.425364909050968,0.2719920318311389,-0.0750185935578177,-0.0298447486451408
26.84,0.1144572721528902,0.1218958077123341,10.345214905588222,0.3571291444497761,-0.1214014595552346,-0.0434901989010056
26.86,0.0552981554744074,0.063660377343836,10.292421866589816,0.1747522759574181,-0.2628641595788968,-0.0040886293356959
26.88,0.0149813357656863,0.0173550714505844,10.227419077209236,0.1907681304107857,-0.2616654352357082,-0.110435173325113
26.9,0.1636675885146746,0.0184539431094952,9.99618286277528,0.1095272180085508,-0.1688007747738458,-0.1610607905804899
26.92,0.0436373670711328,-0.0890243720663406,10.028109461508244,0.033114454636328,-0.0450976291845327,-0.1656470657017356
26.94,-0.0315898372521277,-0.1997040710989288,9.81269188274086,-0.0092662403839906,-0.0213422131327936,-0.0707846734901207
26.96,0.0282942092164514,-0.1047680040111007,9.721606229926724,0.0360214627592635,0.0293455993158052,-0.0854998287613806
26.98,-0.0445946242617878,-0.1309739209548689,9.5962114418591,-0.1102435915471881,0.0366513709607021,-0.1266515104005531
27.0,-0.0714225975451396,-0.1907202903971565,9.515868676662704,-0.2159209776276156,0.2378450825120458,-0.1388412804778509
27.02,-0.0473114944778863,-0.2527355114809908,9.342206302169185,-0.3177068347377033,0.1612957026698057,-0.0791872318327382
27.04,-0.1528232360550776,-0.195543399161469,9.164443391186897,-0.3507554952478636,0.1087473340515869,0.0087554710959861
27.06,-0.078906803687469,-0.2676778527061982,9.223627397372711,-0.3164376488559197,0.0149583790042097,-0.0678750483204515
27.08,-0.0042812068774713,-0.2303672601537085,9.210461659323729,-0.3314712409991099,-0.0568896794515156,-0.0369032193646205
27.1,-0.0749198419630031,-0.1919754516926285,9.158914606605782,-0.3058887105303303,-0.1216856215596319,-0.0407879469087454
27.12,-0.1103347224512645,-0.0798102580688388,9.2582298291491,-0.3881815418080666,-0.159445060281345,0.0219199991162586
27.14,-0.1055119625084991,-0.1014886054364915,9.301008887341164,-0.2450541752135877,-0.2521414430415092,0.0766944478415817
27.16,-0.0852225948241991,-0.0628554439776504,9.344628725594212,-0.1427302997134755,-0.1880517869641911,0.1820027089533
27.18,-0.0586561199645369,0.1022298305403708,9.557826328377578,-0.0567318958182337,-0.1755902371393395,0.0997027205223518
27.2,-0.0437593153544035,0.0668466439419656,9.62259981015617,-0.1693292735453267,0.0147488796388671,0.094174410851011
27.22,0.04330256250939,0.1083938049920408,9.764602981997118,-0.0476086665949728,-0.0952710194556053,0.1431152492275864
27.24,-0.0666894571090073,0.1105208692552183,9.8966970459443,0.0172013011055985,0.0863487048830636,0.1327962828299367
27.26,0.0845375606199361,0.130176782445253,10.110399278469185,0.1315987456742708,0.1595505255992715,0.0621275563501649
27.28,0.0418087035123333,0.073513338523126,10.162712370528098,0.1213904659145616,0.1415484575704985,0.1945020435362867
27.3,0.0958987135623482,0.2447942916302066,10.266262936692767,0.3152671352690729,0.2012200700181099,0.0625232313601704
27.32,0.0330347469050837,0.2222926876489096,10.314273046771444,0.2703285508296676,0.1987931152945083,0.0566570876267919
27.34,0.1635947266339394,0.1842558452218677,10.406122380861552,0.2853322054094424,0.096740546252185,0.0512173290666779
27.36,0.1622738524289752,0.1698462153281274,10.467418528944824,0.3796119999502835,0.0742491633296774,0.0185502223689874
27.38,0.1457063386443239,0.1880055812475528,10.418753915015248,0.2923780558662934,-0.1917594971034074,0.0550691724515284
27.4,0.0147449664569244,0.040250691663154,10.377239579546352,0.2914632860647387,-0.1962143191952969,-0.0720733661130068
27.42,0.1200848967669638,0.0492690011966275,10.302084569576184,0.1983466159763809,-0.1205735442213887,-0.0226168488663991
27.44,0.0830118905108545,-0.0212878862034068,10.107602684608858,0.119782305134488,-0.1498523080504451,-0.0696178078874541
27.46,-0.0365519856915362,0.0790569295612436,10.018463518405596,0.1006166484200649,-0.1302321008640063,-0.0408043654011614
27.48,0.0212122069063961,-0.01029661579112,9.924313086889669,0.1766300202320518,-0.025762383004209,-0.1082019597770719
27.5,0.0182267244516618,-0.206019739777611,9.763706797875331,0.0316510474143439,-0.0958278939350834,-0.117520767807656
27.52,0.0053766875962237,-0.2084939172961993,9.612210692192598,-0.053554486429249,0.1272036864663118,-0.0608490129073581
27.54,-0.0348485083176465,-0.1695778879670404,9.444121752965936,-0.179953399504528,0.2104761945482841,-0.07204086230214
27.56,-0.048207565286702,-0.2084351508295794,9.356058722568868,-0.1427448683380208,0.162518616404853,-0.1188609452729649
27.58,-0.0049482736010079,-0.2634692492932121,9.315400662850896,-0.3037711933566777,0.3257882024774948,0.0054946530116805
27.6,-0.0291810097510685,-0.1023998699086643,9.253632450179442,-0.3498009382239266,0.1639200967582573,-0.005952460401083
27.62,-0.2410795600459568,-0.1762280215802851,9.173986437052555,-0.3211247932145412,-0.0267633359267751,-0.0249109205170068
27.64,-0.1158640321622657,-0.1505569421011007,9.203993634111873,-0.2022517676630723,0.0140375808080147,-0.0221549515982191
27.66,-0.1053957246686646,-0.1824614287331666,9.19532927820578,-0.1965948082547706,-0.1279089736237724,0.041856444546053
27.68,-0.1769890710514768,-0.0777769490521783,9.318223824877924,-0.2907142736579121,-0.1020636332776891,0.0778625828103385
27.7,-0.072342171365966,-0.0931399672413346,9.32961076613327,-0.2648639237426441,-0.1690602484761696,-0.0159613547236758
27.72,0.0016448588510614,-0.0447371094020442,9.470058365453305,-0.2643971913363808,-0.2229724313804688,0.0981830859909225
27.74,-0.0957659510788566,0.0450859502371972,9.561535339518771,-0.1204111380219771,-0.0757276802340722,0.1236383321891769
27.76,-0.0031509511169456,-0.0225487702713207,9.610070459729162,-0.0518123565549118,-0.0313021680684696,-0.0196369247599635
27.78,-0.0432781643204866,0.1801169658767448,9.810545148479154,0.0470168413428512,-0.0313471357481453,0.1097779018655944
27.8,-0.0087266124674969,0.1456413431364792,9.887432727332488,0.1201423418157189,0.0887484807923058,0.1315887728326417
27.82,0.1198276677706518,0.2298701237997996,10.070341874462056,0.1280028623032186,0.1891136896816442,0.117857560594581
27.84,0.03757770515135,0.1329049001564472,10.150977036080114,0.2219181822088029,0.1791240257029398,0.1163666688401887
27.86,0.1032673229376164,0.1518601691278318,10.300038342596752,0.2054381520689286,0.1749843876111172,0.0434121687048428
27.88,-0.0020367885409592,0.1411776545130773,10.28202698669923,0.3014244784543045,0.1493388748848702,-0.0117046781624027
27.9,0.1913446031426132,0.2028895935685126,10.390107441701186,0.2693245713093795,0.0203349813350603,-0.0712490851296988
27.92,0.1300615695793838,0.1750770409645874,10.428194462712511,0.3227597675905235,-0.1267036280344411,0.0508421437614078
27.94,0.0874131717508139,0.1212090114716119,10.42460876176541,0.3085395579142492,-0.0887678972105557,0.0090691240607259
27.96,0.1170064481434893,0.0590197220810742,10.291166347966756,0.2681275492152369,-0.2655641773039253,0.0113540533248887
27.98,0.0049341666262188,0.0060969623982613,10.253438377052015,0.2660024001287957,-0.2477442202965671,-0.101915643517504
28.0,0.1179050623168834,0.0231691408324842,10.161878500021082,0.0978156221197175,-0.2787904212064643,-0.0407098783062241
28.02,0.0229381279089024,-0.0428233277523622,10.112180514079482,0.0641662891401249,-0.2264840273656578,-0.1671572323344253
28.04,0.0072988301451098,-0.0979659699952535,9.830947332347684,0.039003934014943,-0.047610825928954,-0.1419311113884104
28.06,-0.0296072125662528,-0.0272282338561022,9.724298281838577,-0.0872364648376019,0.0089569347172458,-0.0935748348352098
28.08,-0.0563277636890133,-0.1442679825989464,9.7764519633264,-0.1022288063829376,0.0921149032188586,-0.0630423856672871
28.1,-0.0134418368287525,-0.1050783384198102,9.497292931341164,-0.1632576169843965,0.1030704959192061,-0.0036800456095343
28.12,-0.0538058442382152,-0.2150833363910092,9.305843189044278,-0.1343193708969445,0.1659298076620743,-0.0865973178123373
28.14,-0.0490465180015673,-0.1864228248975395,9.281068942402277,-0.237775090100585,0.20742086513908,-0.1010447564316786
28.16,-0.092947455157725,-0.2015552853210824,9.106510014826103,-0.2260516832471454,0.1379256306944399,-0.0838353534437499
28.18,-0.0730086038669271,-0.2736552733198648,9.220034469098092,-0.2809220473218726,0.1053224250135561,-0.0506560137707069
28.2,-0.1207451100390793,-0.0977325795917227,9.241673200956948,-0.3261913820900854,0.0231879538934505,0.1173303917766833
28.22,0.0156344131687387,-0.1476649791139005,9.179303807781132,-0.2808706963178904,-0.1218898622597512,0.0663456053037167
28.24,-0.1654148962884766,-0.0681654925446408,9.254353551085716,-0.2245838097042464,-0.2641177955347587,0.1048993266729536
28.26,-0.0107044455576669,-0.1022928072607606,9.40367483735355,-0.1615838688853195,-0.2370589667819459,0.055584001453109
28.28,0.0116684776233743,-0.0288427747748629,9.37212785728165,-0.1767961878847442,-0.1917502525349544,0.0822708256429064
28.3,-0.0794203955667458,-0.0188028370984179,9.513046707779226,-0.1928128979980455,-0.1757337737859381,0.1279408738867519
28.32,0.0964411216157247,0.1302298317083481,9.698458887441774,-0.1309577896073168,-0.1121395268820877,0.0735752366847447
28.34,0.0573071947000553,0.1244042541336554,9.807579341443397,0.0062774111525239,0.0335327320353104,0.0851504956987278
28.36,0.0782611084988454,0.1620456684955508,9.96353160407252,-0.0277826005842991,0.2349689449620027,0.0617512386614734
28.38,0.0517634295148666,0.2391407851791253,10.038986405011112,0.2408421837775599,0.1496273478320788,0.0640177067314297
28.4,0.0575934026819364,0.2478636208014754,10.221443937853298,0.2352107933485973,0.199465053061066,0.075345793367306
28.42,0.0725891485676019,0.2374465007032738,10.290895885258497,0.2173954192838846,0.1194136475053393,0.0146020553406192
28.44,0.1129594240616377,0.1270783814254128,10.388056890185624,0.2248163030365458,0.1953724262389203,0.0499401368277926
28.46,0.1691054563213602,0.1522704159726385,10.404296830442007,0.3485443825078016,0.0983275392710288,0.0280081163460177
28.48,0.108679071807388,0.1162198686941511,10.408014669110704,0.2431582249604009,0.005282095178233,-0.0177475517978853
28.5,0.049533470472652,0.1736726797026499,10.298318542050596,0.2344056167084969,-0.0495672598932452,-0.0722746922156622
28.52,0.1269740187386161,0.1097155949413523,10.339145571298449,0.2189606998567668,-0.197825313021724,-0.0461958009305543
28.54,0.1180884398085329,-0.0096105157475235,10.215642094842538,0.221797078195096,-0.2149787855203984,-0.0946105587288674
28.56,0.0873724110958145,0.0061575531326647,10.11950669265807,0.1949581759776456,-0.0975543079298478,-0.0814230956489135
28.58,0.0717392376436989,-0.1042256899569089,10.05919897272424,0.1630264886231326,-0.0977747871666548,-0.0389670123952163
28.6,-0.0010130831514619,-0.0757887973701867,9.839228162312727,0.0898485350166203,-0.1606990685001712,-0.1618584759866497
28.62,-0.0564856298416524,-0.1957847488065425,9.80734218751221,-0.0300698289936334,0.0626830448847398,0.0091792151465389
28.64,-0.0755040325127618,-0.1207021513908097,9.67965759908432,-0.0452569842543519,0.0925011565004477,-0.0983360100888608
28.66,-0.1342906254190193,-0.1548763856952701,9.52253444389146,-0.1911023696871974,0.2236768760630791,-0.064507484484175
28.68,-0.0584175664025848,-0.0961549225107408,9.329378977582335,-0.3018382916627453,0.2203937323117717,-0.1087910722330228
28.7,-0.0886052317115292,-0.1571776382689347,9.184088582417456,-0.2868549312361241,0.0939382722920701,0.0035278979791796
28.72,-0.1162984388157706,-0.218568560734761,9.288147424177286,-0.3232101864816701,0.1389797807829252,-0.0395632779248355
28.74,-0.2471420722692545,-0.1443129338387324,9.209402466754549,-0.329682746745962,0.0553855385524484,-0.0309915539773047
28.76,-0.161727004536709,-0.233457139308558,9.166573340146924,-0.3460521296180963,-0.0266810278666451,-0.0174901125764284
28.78,-0.0382570210191274,-0.1817216023713105,9.292883795652068,-0.3059526396468428,-0.0967618296624812,0.0198573531628409
28.8,-0.1176640925533569,-0.0801585562274953,9.250325300654907,-0.2222975169459222,-0.106167112502121,0.0745000456455468
28.82,-0.0522354130970453,-0.163013480202623,9.357202255209128,-0.1250321358065337,-0.1792897593600484,0.0797941022524548
28.84,-0.1220517344948953,-0.0124371611302286,9.511139740239054,-0.2438197127013488,-0.1776233618065358,0.0831064615239537
28.86,0.0398409131372373,-0.0165314446726723,9.551753692534913,-0.16066981428721,-0.0641876818295209,0.0591387596019822
28.88,-0.0172375544878587,0.0828512000309005,9.734308925608898,-0.0696808273917832,0.0721950400765933,0.0610364280018808
28.9,0.0270353431806093,0.063240259144882,9.929656799334264,0.0758870639411274,0.0954915151413839,0.0761677560024609
28.92,0.150753281911538,0.1717135278264802,10.01734129108578,0.0931455048037089,0.1397214986543001,0.1168871713734223
28.94,0.1304614397028989,0.1771740676439321,10.190207924881756,0.1277128428651051,0.204674762012633,0.1168657977927331
28.96,0.0567026214244393,0.2629554456756228,10.288865532833054,0.2519293578516478,0.2126600824980304,0.1092175404261798
28.98,0.0560916563758455,0.2001739047839216,10.314902910437262,0.3050775101751888,0.1773841660506634,0.0513706087012131
29.0,0.0788284010535377,0.1581241103597069,10.253796840959218,0.2843789569173613,0.2258155920338247,0.0500797964833892
29.02,0.1251082733381437,0.170917225592705,10.342391550725136,0.2580291214119236,-0.002448056920753,0.0003625844109321
29.04,0.093784935857122,0.0934184783672766,10.432443561037218,0.3106524060707664,0.0031549043086829,-0.1008939286148788
29.06,0.0736706869954868,0.1501224287457405,10.2830847944597,0.2686352723143527,-0.1394952206218859,-0.0464375273482971
29.08,0.1564186524550321,0.1218797292640598,10.282022910088132,0.2371281075694668,-0.2590363998738313,-0.0744538929167083
29.1,0.0627442160039753,0.1737118870603288,10.227652294241656,0.1797441208485097,-0.2090212328649791,-0.1248491229635953
29.12,0.16534177481544,-0.0255350015465281,10.17565245576952,0.1973361228568266,-0.2013755426215962,-0.1147620505069249
29.14,0.0342412863453153,-0.0528113159859274,9.94947396412352,0.1016064857894596,-0.0845749239044792,-0.0887318837601144
29.16,0.0967986002640329,-0.1111795165933444,9.813021697862624,0.0743830857528712,-0.0254801066912359,-0.1563782293103149
29.18,0.0028434122234588,-0.1105583654584423,9.707242358202793,0.0217486305376889,0.0083069731329959,-0.1344044480445823
29.2,0.0113355733940076,-0.1346791293896682,9.596670916879718,-0.0874883273620622,0.2104598168602139,-0.0155825478111904
29.22,-0.0929574474885591,-0.1811983215877517,9.45192628915416,-0.1955045404822765,0.241372488715104,-0.1624885760568599
29.24,-0.1164392728651896,-0.13988379340224,9.409955547029377,-0.1692376235964678,0.2785294984334537,-0.0766923887924558
29.26,-0.0640330777162044,-0.2308258071567535,9.237932555546855,-0.2377718912869436,0.1833535644421312,-0.1075882024430312
29.28,-0.0464245167784725,-0.1462568017366339,9.230894973258524,-0.1573881478648329,0.107492215932811,-0.0660837661383007
29.3,-0.0977898477428038,-0.1542659536806943,9.22344459845539,-0.2839028741037465,0.0602446708438046,-0.0161659134338402
29.32,-0.1629882611749722,-0.1581866896306601,9.187976792979985,-0.2611213813116578,-0.0930624730074748,-0.0331150896119532
29.34,-0.1605206389979133,-0.1416979975776656,9.286939172727315,-0.2630019674855394,-0.1340270162237689,0.0666744403204985
29.36,-0.1529907451810322,0.0334329906176133,9.317644376631796,-0.2498567048085665,-0.1973820021446369,0.1253148013308448
29.38,-0.1549822923903965,-0.0862218656291735,9.43983516519705,-0.2127431377096608,-0.2717739779634991,0.1166780213475527
29.4,-0.0427010994378149,0.0143656945572672,9.520653000941428,-0.1298139099975795,-0.1624928098584439,0.138861323890431
29.42,0.0289570025336711,0.0068256016395136,9.65504906726398,-0.0558267930644974,-0.1270832705794155,0.0272159832071685
29.44,-0.0056952211642148,0.176226330606295,9.738233821249688,0.042646099528298,-0.0321999511711479,0.0877201445696451
29.46,-0.095518431969368,0.1694658106114684,9.873475250125589,0.0679494456077618,0.0871178319173894,0.1218274868205926
29.48,0.0295993436669899,0.1230115769106478,10.096044024098743,0.0942676412798907,0.207688461676904,0.135582730442315
29.5,0.0506385753976144,0.2063684488348328,10.184446673601489,0.1599928758577853,0.147772798731628,0.1685693490679878
29.52,0.1802250755848803,0.2082251537853164,10.201402570130533,0.160128567075666,0.181264374382864,0.1191105551567452
29.54,0.015372226997516,0.1741589381071963,10.338417907093708,0.3477480601090972,0.1278650450211788,0.0918948244002301
29.56,0.0770042837533683,0.2323594451519267,10.260540180623195,0.2625558109739417,0.0592156109371934,0.1577639296559551
29.58,0.1852215812912872,0.1984709998745445,10.370876675399384,0.3481588647990724,-0.0146630860769126,0.0085844723473555
29.6,0.1207276421401957,0.1652254905617159,10.437423734268206,0.3085137180907317,-0.0834474246777052,-0.0331910533706535
29.62,0.1196897709379142,0.1199112260513065,10.342887424137002,0.2897589433282492,-0.1182090406277514,-0.031422748388341
29.64,0.0858859203382833,0.1049107825446355,10.28683582440584,0.2345977016976514,-0.1756820695642298,-0.1055431360900895
29.66,0.0812027730898099,0.0519315064634582,10.03741451461567,0.1547268440395064,-0.250180038795738,-0.0728625618127525
29.68,0.0848384625760782,-0.0015405381185496,10.056135235466105,0.0894471881618554,-0.0985598339475859,-0.1751562545702272
29.7,-0.0156053272281499,-0.0812743148819113,9.966127543490291,0.1610302355897118,-0.0491301194965014,-0.1233342679412526
29.72,0.0464159384897466,-0.0067557674301778,9.838342551035938,0.0132370825748723,-0.0551081461664508,-0.1057351130316095
29.74,-0.0886211488957203,-0.1815269036830869,9.72829179725806,-0.0036496068449476,0.1394802779634286,-0.0505037406957719
29.76,-0.025019159457754,-0.1386135548831067,9.540861763815345,-0.0550673274157302,0.1671971967770418,-0.0354560698491803
29.78,-0.0518559816051464,-0.1988456976390565,9.426959030752016,-0.2029214358133489,0.1852535626203953,-0.1275798931023359
29.8,-0.1078659786871825,-0.1083799015615621,9.271086182864044,-0.209978684536339,0.2143614523697055,0.0400592727233084
29.82,-0.0905184061814074,-0.245051329222283,9.25346906855059,-0.2659018884708078,0.159024857192906,-0.0374196476870306
29.84,-0.1282901809247444,-0.229977307970557,9.153942207131312,-0.3493502100252446,0.119169904848378,-0.0116476514008367
29.86,-0.1535771707634688,-0.2251984535830299,9.10765386748744,-0.3092503120563575,0.0143917952452372,-0.0821412782377544
29.88,-0.1154075494375021,-0.1350251155869674,9.159380157353551,-0.2638051075584984,-0.0997464188122567,-0.0098021585138001
29.9,-0.1456821370151838,-0.1866387282955761,9.332538013910597,-0.296399578490345,-0.2553939865132343,0.0950691197331337
29.92,-0.0624889700089976,-0.1026894925122031,9.314698880642377,-0.2521286894095734,-0.1679672195513412,0.0702748844446906
29.94,-0.1202734108366859,-0.1431455480839306,9.434379051376762,-0.1969757511564856,-0.2141363886329729,0.0832369664693478
29.96,-0.0081127255155432,0.0215396022694902,9.512055727449525,-0.0255582634297821,-0.1183603559450683,0.1012991336854099
29.98,-0.0815010294913818,0.0290686494459641,9.575909992457762,-0.1589836751400444,-0.0633394002164104,0.0252924720243546
